financialtalkz,amazing,gets,ring,phx,he’s,legend,legendary,finals,ever,nba,finals,single,digit,serial,it’s,prized,moment,hope,it’s,first,appearance,gets,ring,dbook,
teflonseann,seems,definitely,better,disrespecting,sexually,assaulting,women,https,t.co,84n7iknimw,
legends,never,die,kobe,kobebryant,kobeforever,lebron,lebronjames,lakers,lakersfan,lakersnews,mambamentality,mambaforever,jordan,michaeljordan,goat,legend,nba,kyrie,kyrieirving,basketball,jordan,kobe,lebron,order,product,https,t.co,rzwxefqmfb,https,t.co,0kt3xhdxay,
legends,never,die,kobe,kobebryant,kobeforever,lebron,lebronjames,lakers,lakersfan,lakersnews,mambamentality,mambaforever,jordan,michaeljordan,goat,legend,nba,kyrie,kyrieirving,basketball,jordan,kobe,lebron,order,product,https,t.co,rzwxefqmfb,https,t.co,6rwjfdbzxb,
hit,level,legend,nba,ronnie,give,animat,https,t.co,furkiuz1kf,via,youtube,
lakers,life,legend,kareem,abdul,jabbar,won,nba,championships,mvps,best,columnist,southern,california,journalism,awards,straight,years,bad,https,t.co,lzcfv8tjjg,
oh,just,another,dad,sunday,brooklyn,bball,class,legend,8x,star,nba,brooklynnets,head,coach,stevenash,https,t.co,wlerg5vowb,
michael,jordan,made,mission,destroy,everyone,bulls,legend,scored,sportsrush,https,t.co,dnyigbu6og,
scared,death,couldn’t,slide,feet,allen,iverson,paul,pierce,nightmares,sportsrush,https,t.co,
los,angeles,county,wants,compel,widow,nba,legend,kobe,bryant,others,involved,lawsuit,leaked,photos,helicopter,crash,killed,daughter,seven,others,take,psychiatric,exams,case,goes,trial,https,t.co,3wmcz73unw,https,t.co,ezvq4esmwg,
best,guard,hitting,level,legend,nba,unlocking,goat,kart,https,t.co,ciqcrxrnfl,via,youtube,
need,see,successes,stories,like,https,t.co,bka3wjflhf,
put,league,notice,season,pushed,one,greatest,teams,nba,history,limit,game,scored,even,larry,legend,awe,https,t.co,b6mixsp4uw,
br_nba,cba,legend,already,
it’s,year,drought,cavaliers,won,nba,championship,cavsfredmcleod,rip,legend,https,t.co,
many,people,talking,https,t.co,aquwlq5ugb,
you’re,arguing,year,old,nba,legend,prepared,take,chip,shoulder,grave,https,t.co,bqwqqm2ets,
nba,legend,raymond,felton,
mike_daum,drosemymvp,isiahthomas,nba,early,career,legend,league,
nba,washwizards,wizard,legend,
nba,washwizards,wizards,legend,
himuro,frontman,1980s,japanese,rock,band,boøwy,bought,nba,legend,million,https,t.co,oxy3i26csz,https,t.co,kftqbafvdo,
late,nba,legend's,widow,suing,los,angeles,county,leaked,photos,helicopter,crash,killed,https,t.co,
los,angeles,county,wants,compel,widow,nba,legend,kobe,bryant,others,involved,lawsuit,leaked,photos,helicopter,crash,killed,take,psychiatric,exams,case,goes,trial,court,filings,show,
late,nba,legend's,widow,suing,los,angeles,county,leaked,photos,helicopter,crash,killed,year,old,daughter,seven,others,https,t.co,iif5osesrg,
alleniverson,bensimmons,alexsubers,philly,legend,allen,iverson,speaking,ben,simmons,shanghai,nightclub,sixers,nba,https,t.co,f4wlenrhfd,
lakers,legend,nba,champ,alex,caruso,
i.t,hated,legend,nba,history,speak,yo,facts,king,https,t.co,9omxqjt0id,
nba,legend,michaeljordan,divides,fans,hailing,covidvaccines,telling,public,buy,video,covidvaccine,basketball,greeknewsguy,https,t.co,hrgxpxbcmp,
los,angeles,county,wants,compel,widow,nba,legend,kobe,bryant,others,involved,lawsuit,leaked,photos,helicopter,crash,killed,daughter,seven,others,take,psychiatric,exams,case,goes,trial,https,t.co,hznk4hstej,
dom_2k,says,one,disrespects,nba,legend,
hey,friend,kingbuckiii,big,time,fans,saw,runitback,drop,ts,get,jersey,big,shout,legend,
get,kobe,bryant,legend,nft,nfts,nftcommunity,nftcollector,nftdrop,nba,nbatwitter,https,t.co,zbiuy2stff,
cincinnatiroyals,history,look,nba,legend,opponents,nbatwitter,nbalegend,https,t.co,
sixers,legend,alleniverson,message,bensimmons,twitter,nbatwitter,philadelphia76ers,nba,https,t.co,jvni5nmczg,
man,nba,legend,https,t.co,lcym8ea9ty,
legend’s,reveal,left,wife,broken,pieces,https,t.co,https,t.co,rqbq6arl3x,
michael,jordan,s,bulls,dynasty,nba,highlights,espn,https,t.co,lax2ywdyji,legend,chicagobulls,
ahem,bucks,legend,nba,champion,mamadi,dialite,https,t.co,hf0d0faawr,
nbastore,nba,waltfrazier,oh,wouldn’t,ball,clyde,living,legend,
los,angeles,county,wants,compel,widow,nba,legend,kobe,bryant,others,involved,lawsuit,leaked,photos,helicopter,crash,killed,daughter,seven,others,take,psychiatric,exams,case,goes,trial,https,t.co,06j08mmi9c,
llcoolbill,isiahthomas,ballislife,nba,zekes,iconic,memorable,play,assist,team,he’s,legend,alright,https,t.co,2wbqnpwxki,
los,angeles,county,wants,widow,nba,legend,kobe,bryant,others,involved,lawsuit,leaked,photos,helicopter,crash,killed,daughter,seven,others,take,psychiatric,exams,case,goes,trial,https,t.co,
nba,twitter,full,lol,drake,legend,one,best,touch,mic,sure,lyric,lyric,dude,
tournament,road,legend,show,ep,giveaway,free,copys,nba,https,t.co,k3nwcmvzhr,
mschindlernba,imagine,ricky,legend,ledo,played,
nba,legend,kareem,abdul,jabbar,discusses,kyrie,irving's,refusals,get,vaccinated,covid,subsequent,suspension,brooklyn,nets,think,full,ignorance,facts,vaccines,good,https,t.co,7rayzac1kq,
nba,legend,joshhart,apegangnft,u,love,community,https,t.co,bvveweiyoi,
sixers,legend,allen,iverson,message,ben,simmons,twitter,yahoosports,nba,https,t.co,klf6tbqtef,
pointgodachooah,rockets,legend,sam,dekker,back,nba,
capalotmanni,nba,youngboy,angel,he’s,person,aspire,he’s,light,day,way,music,flows,sounds,extravagant,pleasant,yb,icon,legend,idol,god,inspiration,star,go,understand,love,nba,youngboy,
enormous,hornets,fan,enjoyed,podcast,kemba,charlotte,hoops,legend,one,classiest,dudes,nba,full,stop,https,t.co,cuk60t2m2a,
jerry,west,interview,nba,logo,legend,https,t.co,ezjenra7zw,
rocketintellect,itskingsbruh,think,hakeem,definitely,like,respected,least,slandered,nba,legend,can,think,
sad,news,nba,legend,scottie,pippen's,son,dead,https,t.co,y3nmohhhlt,
see,kareem,abdul,jabbar's,reaction,kyrie,irving's,vaccine,refusal,nba,legend,kareem,abdul,jabbar,discusses,kyrie,irving's,refusals,get,vaccinated,covid,subsequent,suspension,brooklyn,nets,https,t.co,yll13q6jgd,video,usrc,https,t.co,amd1fjuzcl,
it’s,going,bitter,sweet,moment,plays,last,game,nba,every,warriors,fan,glad,it’s,going,number,warriors,jersey,h,t,14abet<U+2069>,https,t.co,
truth,face,can,really,hurt,like,happy,birthday,great,paulpierce,paul,pierce,thetruth,nba,boston,celtics,celticsnation,bleedgreen,basketball,dunk,slam,sport,sports,iconic,classic,legend,greatness,happybirthday,https,t.co,c2axc3o6fm,
jerrystackhouse,catches,two,bodies,big,poster,slam,wild,jerrystackhouse,jerry,stackhouse,nba,detroitpistons,detroit,motown,motorcity,detroitvseverybody,pistons,basketball,dunk,slam,jam,sport,sports,iconic,classic,legend,greatness,https,t.co,gce5b4u0fw,
everyone,can,make,spectacular,dunk,happy,birthday,great,dmasonart,desmondmason,desmond,mason,nba,milwaukeebucks,milwaukee,bucks,gobucks,fearthedeer,basketball,dunk,slam,jam,sport,iconic,classic,legend,greatness,happybirthday,https,t.co,7ng0pkqcve,
kingjames,fantastic,look,assist,stunning,lebronjames,lebron,james,lbj,kingjames,justakidfromakron,nba,clevelandcavaliers,cleveland,cavaliers,cavs,cavsnation,gocavs,basketball,pass,assist,nolook,sport,iconic,classic,legend,greatness,https,t.co,ckc06jtmfe,
legend,nba,michealjordan,https,t.co,vgvutjxzik,
one,going,straight,pc,sports,tradingcards,bucks,legend,sidneymoncrief,nba,halloffame,https,t.co,tmk0sjsbbw,
wojespn,nba,legend,jackson,ellis,
howardkellman,nba,nyknicks,andyfurmanfsr,important,pistons,franchise,taking,supporting,role,joining,willis,reed,knicks,retired,player,become,gm,nets,aba,university,detroit,legend,
isiahthomas,nba,respect,must,paid,even,chicagobulls,legend,
mk_habit_addict,nbajambook,legend,zelda,link,past,mega,man,x,nba,jam,original,nba,live,mario,paint,
skybox,magic,johnson,vhs,legend,changed,game,nba,magicjohnson,lakers,lakernation,magic,laker,losangeles,losangeleslakers,showtime,80s,movies,larrybird,celtics,lakersnation,lakers4life,lakernews,vhscollector,https,t.co,n5vpjikk5w,
br_nba,y’all,fans,don’t,know,blazer,fan,legend,lol,
hoping,see,providence,hoop’s,legend,daviddukejr,nba,season,https,t.co,sehcvgvdex,
sportsiren,tusshoopdreams,lexiebrown,wnba,nba,chicagosky,legend,
new,crossover,legend,clyde,drexler,joins,discuss,nba,75th,anniversary,team,kyrie,ben,simmons,superteams,much,listen,subscribe,https,t.co,https,t.co,4u4unv4f5r,
crossover,legend,clyde,drexler,joins,discuss,nba's,75th,anniversary,team,kyrie,ben,simmons,superteams,much,listen,subscribe,https,t.co,youtube,https,t.co,y40ssrp7go,
nba,respect,legend,https,t.co,jqqphky5wx,
br_nba,blazers,legend,dennis,smith,jr,
legalzoom,nba,wnba,blazers,legend,larry,nance,jr,
nba,legend,stopped,pattherocskillsacademy,morning,inspire,kids,aip,outworkcrew,handlesonice,https,t.co,fdt3hekrfx,pat,roc,basketball,skills,academy,https,t.co,jkhqrnc1eb,
retroboominati,sandiesideup,nba,chev,legend,
act,like,nigga,jordan,nba,street,legend,
nba,legend,waltfrazier,meeting,greeting,styling,profiling,nba,store,opening,celebration,nyc,come,today,pick,gear,need,season,starting,tuesday,tnt,https,t.co,8yybtj9rxp,
shamscharania,anthonyvslater,pistons,legend,avery,bradley,way,shanghai,next,nba,dream,now,https,t.co,
nba,manuginobili,argentina,legend,https,t.co,tfns2rrn5m,
nba_historias,blazers,legend,geoff,petrie,
legend,nba,kingjames,https,t.co,nvfim5mnsm,
coming,later,today,ton,news,ton,newsmakers,including,terrymcauliffe,nihdirector,sergeantaqgo,johnwdean,brianstelter,mjgerson,kirstenpowers,plus,nba,legend,joins,us,always,holdon,see,3p,
supasavyy,ay,former,mavs,legend,nba,champion,bouta,bring,experience,g,league,team,
night,remember,big,thanks,nba,legend,bill,walton,celebrating,cbumbb,amp,cbuwbb,lancer,nation,record,level,support,annual,tip,dinner,lanceup,https,t.co,
drosemymvp,isiahthomas,nba,giannis,legend,
ucf,legend,tacko,fall,signing,two,way,deal,cleveland,cavaliers,spend,time,nba,team,cleveland,charge,https,t.co,t9kwb3eyly,
shamscharania,theathletic,stadium,nba,legend,
aspire,he’s,light,day,way,music,flows,sounds,extravagant,pleasant,youngboy,icon,legend,idol,king,inspiration,star,go,understand,love,nba,youngboy,youngboy,aka,goat,goat,allah’s,goat,
nba,legend,shaquille,o'neal,made,deal,ethernity,chain,released,first,nft,collection,https,t.co,69amtbvbjv,
happy,birthday,nba,great,2x,nba,champion,8x,star,nba's,50th,anniversary,time,team,knick,legend,dave,debusschere,may,rest,peace,https,t.co,1e1lkwynmg,
happy,birthday,boston,legend,nba,champ,finals,mvp,truth,paul,pierce,https,t.co,2recdxctex,
pick,nba,legend,authentic,jerseys,available,now,https,t.co,siqghev3md,shop,https,t.co,https,t.co,febfradgge,
freaking,beautiful,never,thought,seeing,nba,legend,talking,discord,channel,blew,mind,keep,building,ethernitychain,https,t.co,hn4zamtkwv,
thenftfocal,basketball,legend,chicago,michael,polyeth,pixel,sport,nfts,single,mint,sporting,hero,nft,players,digital,pixel,style,weekly,releases,unlock,able,content,special,release,cards,discord,channel,nfts,nftdrops,nba,https,t.co,in4yrlyd6e,
keepc0unting,basketball,legend,chicago,michael,polyeth,pixel,sport,nfts,single,mint,sporting,hero,nft,players,digital,pixel,style,weekly,releases,unlock,able,content,special,release,cards,discord,channel,nfts,nftdrops,nba,https,t.co,yprnbfz8rg,
melod1p,damn,just,certified,melo,nba,legend,
cannabiscommunity,marijuana,cannabis,definitely,lifestyle,allen,iverson,harrington,courtesy,started,smoking,cannabis,college,sophomore,year,discloses,nba,legend,allen,iverson,https,t.co,c4ppg3buqo,https,t.co,0ujhl9ux5x,
cannabiscommunity,marijuana,cannabis,definitely,lifestyle,allen,iverson,harrington,courtesy,started,smoking,cannabis,college,sophomore,year,discloses,nba,legend,allen,iverson,https,t.co,c4ppg3buqo,https,t.co,hmggamzksy,
miss,playing,michael,jordan,shaquille,o'neal,learning,bulls,legend's,decision,sportsrush,https,t.co,
candace,parker,shaq,nba,2k,new,podcast,bullshit,politics,team,usa,basketball,legend,lot,going,court,https,t.co,jhn9pf5n7j,
superman,spoken,nba,legend,shaquille,o'neal,praises,nfts,way,interact,crypto,market,users,https,t.co,
basketball,legend,ian,moose,robilliard,provides,greatest,female,basketball,players,range,sports,also,happening,nba,pathway,back,central,coast,academy,sport,https,t.co,szy0oapjrm,
ripcityhamilton,nba,trayfour,realgranthill,can’t,wait,see,you’re,pistons,legend,yessir,
nhl,mnwild,doris,burke,legend,nba,want,finals,games,just,think,main,play,play,appeal,majority,doesn’t,epic,quality,sports,entertainment,entertaining,
darrenclyn,authorfleur,niksandnacs,tea_telly,writer4lifejc,kdmorehouse,bionicanadian,kimhebertauthor,mark_canniff,r_p_lauer,yaystack,nike,chicagobulls,nba,espn,drewbrees,saints,coachbillself,wow,madden's,legend,brees,brees,follow,nba,much,used,college,ball,definitely,life,experiences,worth,proud,
wait,nba,hasn’t,started,yet,just,preseason,nah,babyfacekiller,dropping,dimes,legend,https,t.co,zrqfis5k4h,
lifelong,nets,fan,kyrie,know,attain,legend,status,ny,nj,wins,nba,chip,brooklynnets,just,take,weakest,shot,lasts,months,shot,that’s,needed,play,hoping,great,news,opening,night,nbaontnt,
he’s,icon,he’s,legend,https,t.co,6pvlw1zvtb,
nba,celtics,legend,dennis,schroder,
lakers,fan,sure,talk,time,duncan,lot,btw,literally,nothing,wrong,appreciating,greatness,part,growing,understanding,group,nba,legend,kobe,https,t.co,t6fkq7vlak,
nba,75th,season,stars,vs,legend,props,now,available,odds,jordan,vs,durant,ppg,averages,casino,news,https,t.co,vaff4fuiwd,https,t.co,vplj1akvlr,
thetedkord,knvgalex,sportscenter,chancetherapper,spongebob,won,nba,finals,super,bowl,world,series,masters,year,legend,goes,
methsanders,that’s,disrespect,duncan,tho,he’s,still,one,greatest,players,nba,history,living,legend,
jordansnappin,hell,yeah,i’m,nba,jam,legend,
nba,legend,john,petty,https,t.co,zyigurgndm,
superman,spoken,nba,legend,shaquille,o'neal,praises,nfts,way,interact,crypto,market,users,https,t.co,
superman,spoken,nba,legend,shaq,praises,nfts,way,interact,crypto,market,users,https,t.co,szo5hewu6i,
nba,legend,voices,major,health,concerns,lakers,ahead,season,opener,https,t.co,wypvxjzljh,
easiest,identify,nba,legend,jerry,west,explains,made,kobe,bryant,great,https,t.co,vfhul3pz9g,
nba,legend,michael,jordan’s,golf,handicap,https,t.co,nqwwliulfr,
like,cat,nba,legend,jerry,west,michael,jordan’s,athleticism,unmatched,since,college,days,https,t.co,svxx16t5ep,
knicks,legend,reveals,michael,jordan’s,startling,attitude,shooting,last,dance,https,t.co,xfylcqqbcx,
baddest,man,planet,nba,legend,magic,johnson,heaps,massive,praise,tyson,fury,https,t.co,
miami,heat,legend,chris,bosh,unique,way,remember,ray,allen’s,historic,shot,game,nba,finals,https,t.co,
nba,manuginobili,legend,
former,byu,basketball,byumbb,star,year,pro,jimmer,fredette,jimmerfredette,back,home,denver,now,tells,fastbreak,fannation's,benstinar,done,playing,yet,takeout,hoops,legend,nba,byu,si_ncaabb,https,t.co,d60nanvukm,
nba,son,legend,
mightyrubber,ryanpgoldchains,https,t.co,can’t,find,blue,ones,look,great,yellow,font,it’s,ones,see,wearing,interviews,stuff,
black,widow,hbd,late,streetball,legend,tyron,alimoe,evans,kenny,smith,guy,ever,watched,said,nba,amp,didn’t,make,amp,didn’t,attempt,make,https,t.co,
exclusive,legend,jimmer,fredette,opened,nba,career,plans,season,didn’t,play,summer,league,nuggets,thoughts,college,athletes,getting,paid,playing,basketball,prisons,inmates,teen,https,t.co,1qxule6eak,
saycheesedgtl,nba,legend,
rec,grind,level,nba,show,love,legend,comp,https,t.co,8q2rujmanf,
late,night,rec,grind,level,nba,legend,comp,home,
new,nba,podcast,legend,william_lou,joins,joey_doubleyou,josephcasciaro,discuss,raptors,outlook,rest,east,listen,https,t.co,o3peyicfeg,https,t.co,le9bwonq3x,
else,become,nba,legend,music,icon,needs,pain,loveless,father,https,t.co,
one,favorite,kobes,time,fleer,ultra,kobe,bryant,sgc,bang,kobebryant,fleer,legend,blackmamba,mambamentality,lakers,losangeles,rookie,goat,nba,halloffame,sportscards,halloffamer,cardcollector,gem,sgcgrading,whodoyoucollect,https,t.co,9t8yp3ohiu,
super70ssports,marquette,milwaukee,native,legend,don,kojis,far,right,back,row,dude,still,marquette’s,time,leading,rebounder,leaving,campus,years,ago,playing,years,college,hoops,4x,nba,star,well,guy,play,
onflow,nba,top,shot,lebron,legend,plz,https,t.co,bt0zjewjtu,
nba,legend,allen,iverson,launching,line,cannabis,products,merchandise,https,t.co,hhzzptmian,https,t.co,4ocemzdd5r,
kind,dream,mine,knicks,legend,earl,monroe,says,opening,new,york,city,school,https,t.co,iqxd70gjdj,https,t.co,rah9849bsu,
nba,legend,turned,writer,kareem,abdul,jabbar,explores,social,justice,ideas,new,essay,black,cop’s,kid,amazon,original,stories,interview,blavity,https,t.co,xxnn4e0j0j,
nba,live,legend,
nba,legend,michael,jordan’s,golf,handicap,essentiallysports,https,t.co,gpyqxkaoer,
spencerkeele,also,seems,forget,bill,russell,play,basically,league,new,compare,players,i’ve,years,nba,history,learn,someone,around,first,started,it’s,just,dumb,russell,legend,reason,
f,ing,stupid,greene,different,time,disrespecting,nba,legend,health,time,hurt,completely,cause,retire,shame,
bucket,list,project,always,wanted,design,beer,can,collaboration,nba,legend,like,iam_sheed,blowing,mind,super,grateful,come,atticbrewing,try,guys,brewed,amazing,ipa,https,t.co,w916mwyxpm,
aviation,hs,legend,paul,westphal,made,nba,debut,day,may,continue,rest,peace,
day,sun,valley,poly,legend,gail,goodrich,made,nba,debut,los,angeles,lakers,
day,hamilton,hs,legend,sidney,wicks,made,nba,debut,portland,trail,blazers,
rep,rewards,need,future,seasons,nba,mascots,ncaa,mascots,jet,packs,pets,badge,points,nba,legend,skins,terminal,penthouse,unlimited,boosts,amp,gatorade,tell,rewards,wouldn’t,worth,grinding,amp,give,incentive,grind,game,
thenbacentral,you’re,legend,haven’t,watched,nba,years,politics,don’t,give,ab,religion,sex,voted,protecting,constitutional,rights,religious,beliefs,well,done,young,man,
natelawson,nbatopshot,wolfpackww,coin,flip,kg,amp,bd,imo,bds,moment,iconic,amp,absolutely,incredible,kg,wolves,just,staple,nba,history,head,says,kg,hofer,legend,minny,played,celtics,heart,says,bds,monster,slam,one,favorite,moments,ever,
nbatopshot,nbatopshotthis,nbatopshot,nba,pulled,nba,legend,https,t.co,
chargershomer,eamaddennfl,yeah,guess,michael,jordan,must,racist,owns,nascar,team,pitbull,oh,yeah,brad,daugherty,nba,legend,team,owner,couple,decades,guess,ignorance,taught,inside,house,huh,
oscar__nba,soon,westchester,legend,
blazersargento,nba,manuginobili,argentinian,course,loved,around,world,really,admired,spain,absolute,legend,manu,
good,black,news,nba,legend,earl,monroe,launches,basketball,themed,charter,school,south,bronx,https,t.co,ag2h37ilds,
hakeem,olajuwon,dominated,real,estate,market,retiring,rockets,legend,accumulated,https,t.co,moc8ztacdm,via,googlenews,
put,much,preseason,know,nba,really,start,big,see,kangz,corner,eye,might,something,simmering,stove,
also,included,announcement,epic,games,usher,nba,legend’s,company,ceo,maverick,carter,world,gaming,uc,investments,early,participant,company,also,expanded,position,size,stake,
nba,twitter,legend,tanner,banned,
larry,legend,made,nba,debit,day,3x,nba,champ,2x,nba,finals,mvp,3x,nba,mvp,12x,star,9x,nba,first,team,3x,pointer,contest,champ,retired,celtics,https,t.co,kj93lfqmar,
days,nba,season,isaiah,thomas,played,scored,points,one,day,sister,died,couple,weeks,later,dropped,birthday,legend,https,t.co,istsbdyuug,
hakeem’s,peak,good,nba,legend’s,look,won,rings,look,everyone,else’s,teammates,
lebron,one,greatest,leaders,nba,history,even,close,fucking,legend,finals,fmvp,different,teams,different,eras,deficit,vs,team,greater,bulls,championship,mentally,draining,place,ever,
zaire,wade,son,miami,heat,legend,dwyane,wade,reportedly,signing,contract,g,league,younger,wade,reportedly,play,salt,lake,city,stars,affiliate,utah,jazz,https,t.co,
nba,legend,earl,monroe,launches,basketball,themed,charter,school,south,bronx,bronx,times,https,t.co,
nba,spurs,happy,birthday,raptors,legend,jakob,poeltl,https,t.co,qomkwhxdhe,
interview,thereallhughes,minute,sit,saintlouismbb,legend,year,nba,vet,larry,hughes,debuts,tonight,30pm,youtube,channel,https,t.co,subscribe,now,alerted,ahead,drop,zacmillermmp,peterisatweeter,https,t.co,tiszxzsyao,
interview,thereallhughes,hour,minute,sit,saintlouismbb,legend,year,nba,veteran,larry,hughes,now,live,platforms,https,t.co,pet5aroarz,https,t.co,g7ea3is3uv,https,t.co,dwagwmlepv,zacmillermmp,peterisatweeter,
clublegenddfs,nfl,sunday,night,preseason,nba,spot,thanks,legend,https,t.co,
clublegenddfs,excellent,nba,last,night,thanks,legend,https,t.co,6knsntavmj,
clublegenddfs,miss,lineup,lock,nba,work,changed,thanks,legend,https,t.co,
kt_is_legend,kyrie,always,go,another,team,play,nba,isn’t,saying,can’t,play,brooklyn,new,york,says,can’t,play,mandate,new,york,put,place,plus,hiv,transmitted,differently,covid,comparison,terrible,take,fam,
nba,sacramentokings,sixers,legend,
british_buzz,zachlowe_nba,really,sad,man,kind,always,miss,even,melo,team,true,legend,
dream,dominated,court,real,estate,market,https,t.co,e4kxauzbwe,
manu,ginobili,turned,years,old,fresh,winning,nba,title,pistons,would've,fun,watching,spurs,legend,battle,lebron,giannis,kd,co,today,https,t.co,
xxl,legend,nba,youngboy,fans,never,sleep,
nba,sacramentokings,sixer,legend,richuan,holmes,https,t.co,lptgnqkcme,
another,amazing,legend,solananfts,fam,https,t.co,0vuya22bch,
themrtedu,packripewing,packripewing,true,nbatopshot,legend,
dwyane,wade,says,perception,utah,reality,nba,legend,working,change,https,t.co,ksm1cjxysx,
miami,heat,legend,dwyane,wade,apple,ceo,tim,cook,joined,utah,leaders,announce,completed,milestone,non,profit,group,build,new,homes,lgbtq,youth,https,t.co,z22nclk2rb,fastbreaknews,nba,
great,news,find,nbatopshot,nba,top,shot,legend,moment,boxes,flow,fest,flow_blockchain,get,box,1<U+FE0F><U+20E3>follow,nfters,2<U+FE0F><U+20E3>rt,3<U+FE0F><U+20E3>tag,friends,4<U+20E3>join,discord,https,t.co,t1m0l9vvyy,https,t.co,cwixqzyqxd,
date,oct,15th,ny,knicks,retire,2nd,number,number,great,walt,clyde,frazier,waltfrazier,clyde,nyknicks,nba,legend,https,t.co,kjt7b6wdfu,
klaythompson,hugoboss,nba,klay.k,always,guy,yummy,guy,legend,special,guy,making,rain,catch,shoot,guy,sure,going,safe,ka.pai,bless,guy,klay.k,
edge_nba,mechnfts,legend,
nba,nbaontnt,y’all,allow,mlb,mlbnetwork,keep,turnersportsej,remainder,postseason,legend,respect,true,
tomorrow,got,lakers,legend,officialbyronscott,1010am,935kday,talking,kobebryant,kyrieirving,byronscottpodcast,kdaymorningshow,cecenromeo,podcast,nba,romeoonyoradio,https,t.co,
isiahthomas,never,thought,block,nba,legend,
spursupnext,austin,reaves,gt,favorite,nba,legend,
check,larry,bird,nba,hoops,legend,promo,video,card,celtics,sealed,plus,vhs,https,t.co,sgxlkoh4hm,ebay,larrybird,larrylegend,bird,celtics,vhs,sportscards,cards,boston,indiana,nba,hof,jordan,magic,80s,90s,ncaa,
lakerscenters,nba_newyork,drose,don’t,deface,legend,enjoy,season,full,rondo,melo,defensive,switches,rotating,fake,tough,guy,dwight,ahh,glorious,enjoy,
idea,nba,street,vol,basically,inspired,nike,freestyle,commercials,https,t.co,bevhkab3cw,
dwyane,wade,says,perception,utah,reality,nba,legend,working,change,salt,lake,tribune,https,t.co,ntrotuhiku,
dwyane,wade,says,perception,utah,reality,nba,legend,working,change,salt,lake,tribune,https,t.co,8gdj4ot5wy,
dwyane,wade,says,perception,utah,reality,nba,legend,working,change,salt,lake,tribune,https,t.co,2dpbz2iitj,
nw_wrld_,brycehall,youngboy,angel,he’s,person,aspire,he’s,light,day,way,music,flows,sounds,extravagant,pleasant,youngboy,icon,legend,idol,king,inspiration,star,go,understand,love,nba,youngboy,
please,consider,arkansas,man,whole,state,love,forever,help,bring,us,championship,legend,muss,get,nba,
legend_xv_today,playoff,hockey,bigger,difference,reg,season,playoffs,nba,insane,
purgii,bhacrosstheus,chrispearcey,patriottakes,choice,phrasing,different,article,https,t.co,dpcxfeyppa,
thenbacentral,basketball,legend,uncle,drew,passed,away,covid,today,age,drew,irving,uncle,nba,freedom,advocate,kylie,irving,died,today,respirator,nj,hospital,despite,vaccinated,got,breakthrough,infection,close,relative,https,t.co,5y5lsgyp2v,
nbacobwebs,frostybias,wow,great,catch,even,notice,wearing,even,seattle,picture,seen,apparently,face,obscured,college,idaho,idea,https,t.co,nsibvafi7e,
just,feel,safer,jocks,get,robbed,time,road,rage,things,like,feel,sense,peace,firearm,charles,barkley,nba,legend,https,t.co,
dwyane,wade,says,perception,utah,reality,nba,legend,working,change,salt,lake,tribune,feel,good,story,week,thanks,sltrib<U+2069>,https,t.co,amvm8mrihd,
hawks,legend,https,t.co,hd7jowfqjw,
jcanucklehead,shrug,ode,nba,legend,keith,van,horn,
mtgreenee,breaking,nba,legend,magic,johnson,plans,sit,nba,season,kyrie,irving,said,unrelated,decision,
nba,legend,dwayne,wade,jazz,majority,owner,ryan,smith,say,focused,making,utah,perception,reality,welcoming,outsiders,https,t.co,xy8ej8nu9h,
nba,legend,dwyane,wade,jazz,majority,owner,ryan,smith,say,focused,making,utah,perception,reality,welcoming,outsiders,note,previous,tweet,story,removed,due,misspelling,dwyane,wade's,name,https,t.co,
proud,announce,nba,legend,magicjohnson,provide,keynote,message,via,video,participants,national,nonpartisan,conversation,voter,rights,friday,october,evening,session,visit,https,t.co,4ipcnhruvg,info,event,nncvrdenver,https,t.co,
kyrieirving,can,retire,today,still,legend,eyes,real,standing,ground,people,fold,deal,dealing,publicly,secretly,nba,
make,nba,size,era,legend,https,t.co,
himuro,frontman,1980s,japanese,rock,band,boøwy,bought,nba,legend,million,listed,sale,earlier,year,million,https,t.co,drs5aflr4y,https,t.co,fqmh1evwdd,
larry,legend,one,greatest,celtics,nba,players,time,huge,trash,talker,well,trash,talk,moments,legend,make,sure,check,episode,link,bio,trash,talk,content,trashtalk,nba,https,t.co,swogpyzwtz,
cincinnati,royals,history,look,nba,legend,opponents,https,t.co,nnyx5dvk5o,via,enquirer,
wavy_as_hec,_alextantum,bleacherreport,shamscharania,just,son,nba,legend,assuming,getting,spot,handed,see,work,behind,scenes,just,criticize,like,bronny,james,athletes,big,named,nba,players,
years,since,greatest,basketball,video,game,time,https,t.co,ni7umsr28v,via,gqmagazine,
dozens,basketball,fans,gathered,front,staples,center,los,angeles,lakers,salute,nba,legend,kobe,bryant,one,year,anniversary,tragic,passing,daughter,helicopter,crash,https,t.co,https,t.co,69bepxr7ek,
dozens,basketball,fans,gathered,front,staples,center,los,angeles,lakers,salute,nba,legend,kobe,bryant,one,year,anniversary,tragic,passing,daughter,helicopter,crash,https,t.co,https,t.co,kljfgbnjgh,
papa,ball,really,joeseph,jackson’d,lineage,nba,stuff,legend,
clippersnets,forgot,nba,legend,meyers,leonard,
wanted,south,bronx,beginning,said,nba,hall,famer,earl,monroe,felt,can,anchor,tenant,helping,spur,development,investment,https,t.co,cpypu6dzcq,
bulls,legend,colby,white,nba,nbatwitter,https,t.co,7itao8nv3n,
https,t.co,hin83fpejf,fukin,real,
rodblacktsn,nba,cfl,pga,jays,iihf,skate,canada,charities,summer,winter,special,olympics,add,canada,co,host,september,2nd,day,job,legend,talking,laughing,crew,members,thank,best,luck,one,day,please,share,breakfast,burrito,story,
youngboy,angel,he’s,person,aspire,he’s,light,day,way,music,flows,sounds,extravagant,pleasant,youngboy,icon,legend,idol,king,inspiration,star,go,understand,love,nba,youngboy,
know,didn’t,just,log,app,see,tl,trying,talk,louisville,legend,muhammad,ali,comparing,nba,player,ruins,ever,franchise,gets,traded,
ethernitychain,ern,just,broke,pump,time,start,climb,time,highs,bullish,nba,legend,shaq,https,t.co,
lot,big,names,gathered,silicon,slopes,summit,utah,including,apple,ceo,tim,cook,nba,legend,dwayne,wade,utah,jazz,owners,ryan,ashley,smith,imagine,dragon,frontman,dan,reynolds,support,encircle,local,lgbtq,organization,https,t.co,9e76wvedhm,
eric,demers,enters,g,league,draft,legend,led,ncaa,divisions,scoring,dropped,weared3tbt,july,amp,player,nba,summer,league,good,luck,eric,https,t.co,row5lljgfp,
dwyane,wade,says,perception,utah,reality,nba,legend,working,change,https,t.co,
bronx,family,ramily,weareramily,fordhammbb,frodhamwbb,knicks,legend,nba,hall,famer,earl,monroe,opened,first,kind,basketball,charter,school,bronx,earl,monroe,new,renaissance,basketball,school,fordhamrams,https,t.co,2bhxz21vqj,
still,many,people,know,logo,bird,name,larry,t,bird,inspiration,behind,name,larry,bird,basketball,legend,mumbai,recently,nba,games,biz,stone,twitter's,co,founder,boston,https,t.co,vgacpxtxjz,
nba,legend,recently,established,dispensary,training,program,greater,good,https,t.co,qifrxcczix,https,t.co,qifrxcczix,
lakerfanatics,slamonline,team,legend,simply,time,best,players,nba,history,
kt_is_legend,dumb,nba,isn’t,mandating,vaccine,it’s,new,york,magic,didn’t,aids,hiv,isn’t,airborne,disease,immediately,instituted,blood,stoppage,rule,magic,came,back,
wnanke,dcpandc,hope,coach,best,program,campus,head,coach,us,women’s,national,team,legend,sport,nba,teams,want,hc,coach,bringing,sec,titles,multiple,sc,yearly,doesn’t,get,raise,hope,coach,doesn’t,get,raise,bizarre,
put,legend,desk,grab,copy,nba,anniversary,edition,get,kevin,durant,bobblehead,https,t.co,https,t.co,jtqdkgwqnv,
basketball,legend,shaquille,o’neal,done,crazy,celebrity,culture,https,t.co,12mbn1c6po,via,metrovoice,shaq,nba,celebrity,culture,
meet,nba,legend,waltfrazier,nba,skills,trainer,tomorrow,grand,opening,new,nbastore,nyc,now,operated,lids,https,t.co,yx1hoa0j5k,
nba,legend,champion,god,https,t.co,
listen,recent,episode,podcast,ep,scored,prs,one,game,rochester,legend,nba,aba,cba,star,glenn,hagen,https,t.co,scvceawokt,
listen,recent,episode,podcast,ep,scored,prs,one,game,rochester,legend,nba,aba,cba,star,glenn,hagen,https,t.co,scvceafdmj,
entertaining,personality,nba,took,talents,nhl,wednesday,night,charles,barkley,helped,tnt,premiere,hockey,coverage,legend,wayne,gretzky,https,t.co,cgurxvyaun,https,t.co,33gtukjtix,
rodblacktsn,blackee,absolute,pleasure,working,cfl,nba,getting,know,person,best,luck,legend,
nba,legend,mindless,sold,thank,support,airnfts,nftcolllector,nftartist,nftcommmunity,nftdrop,nfts,visit,https,t.co,c1pilidrqr,https,t.co,sglcg7iqhu,
pistol,pete,maravich,grandson,serbian,immigrants,illustrious,college,basketball,nba,career,inducted,basketball,hall,fame,sadly,died,young,age,due,undiagnosed,heart,defect,https,t.co,1a10ihnvwm,https,t.co,zmh0rdoawa,
thank,teashabivins,idol,years,legend,nba,bronx,nasty,ballplayer,15yr,anniversary,https,t.co,c8capm2t4l,
nba,legend,charles,barkley,trying,stop,wayne,gretzky,https,t.co,fusjxkojvy,hockey,icehockey,nationalhockeyleague,nhl,https,t.co,ywnobp3ozb,
proof,mradamap,nba,legend,gary,trent,greatest,bobcats,congrats,brother,https,t.co,
last,month,celtics,legend,sat,si,talk,remarkable,career,offers,glimpse,future,holds,also,regrets,even,one,video,https,t.co,lrbqydphtc,
notice,nba,legend,https,t.co,nfgdryztgn,
ill,better,coaching,staff,player,development,guard,freedom,truly,caring,family,environment,illinois,look,underwood,ayo,legend,legacy,left,curbelo,nba,1st,rounder,pg,spot,
tainogod,kvothekingkilla,josh3times,brooks_legend,_talkin_nba,two,people,reaction,means,nothing,without,cases,evidence,full,double,blind,trial,
tainogod,kvothekingkilla,josh3times,brooks_legend,_talkin_nba,really,reason,never,gotten,covid,family,properly,quarantined,got,vax,tested,covid,times,never,antibodies,
tainogod,kvothekingkilla,josh3times,brooks_legend,_talkin_nba,see,difference,one,person,people,outlier,never,know,sample,size,person,
kvothekingkilla,josh3times,brooks_legend,_talkin_nba,just,something,can,happen,mean,good,chance,happening,breakthrough,cases,exist,covid,cases,non,vaxxed,people,reduces,chance,catch,bad,less,likely,transmit,lower,viral,load,
nhl,short,notes,nhl’s,time,leading,goal,scorer,wayne,gretzky,welcomed,hockey,fans,nhl,tnt,nba,legend,charles,barkley,appeared,special,guest,broadcast,capitals,captain,alex,ovechkin,scored,twice,surpass,https,t.co,c5p5h3ziac,
see,larry,legend’s,debut,performance,nba,clip,https,t.co,x4vaekngmz,
watch,footage,larry,legend’s,first,ever,star,appearance,clip,https,t.co,y93cg4tqzx,
sought,assistant,logical,choice,step,legend’s,shoes,steps,https,t.co,
late,save,boston,legend,kept,chamberlain,warriors,bay,title,https,t.co,vhdalzxe3c,
late,save,boston,legend,kept,chamberlain,warriors,bay,title,https,t.co,e3ty83yoal,
watch,boston,celtics,legend,paul,pierce,dropping,teasers,new,video,project,https,t.co,cmtjee1ojp,
watch,boston,legend,bill,russell,hits,series,winning,shot,wilt,chamberlain,https,t.co,zyv7y23zxo,
see,larry,legend’s,debut,performance,nba,clip,https,t.co,nnvts3rt8j,
day,celtics,icon,larry,bird’s,debut,first,ever,nba,pointer,https,t.co,oxytgmiqvo,
watch,footage,larry,legend’s,first,ever,star,appearance,clip,https,t.co,afjw79jrmi,
hear,every,play,larry,legend’s,debut,game,association,clip,https,t.co,
hear,every,play,larry,legend’s,debut,game,association,clip,https,t.co,jkxwocparr,
listen,iconic,celtics,announcer,johnny,calling,boston,legend,larry,bird’s,debut,nba,game,https,t.co,h40sv9a3ns,
watch,boston,celtics,legend,john,havlicek’s,jersey,retirement,ceremony,https,t.co,4qwyyruu3k,
legend,kareem,joins,media,lynch,mob,attack,nba,players,silent,kir,https,t.co,euskfrazri,via,youtube,
howboutthemsox,every,nba,star,tweeting,game,great,suns,along,trailblazers,cardinals,players,including,legend,larry,fitzgerald,yeah,walter,lame,af,enjoy,presence,hand,brother,
iamthefawb,kvothekingkilla,josh3times,brooks_legend,_talkin_nba,well,get,antibody,test,reply,tweet,hurry,vaccine,effects,run,need,booster,shot,
iamthefawb,kvothekingkilla,josh3times,brooks_legend,_talkin_nba,think,one,think,buddy,
iamthefawb,kvothekingkilla,josh3times,brooks_legend,_talkin_nba,fuck,article,got,covid,late,january,recently,got,antibody,test,high,antibody,count,months,later,gotten,antibody,test,compare,results,
kanu,nwankwo,posts,stunning,video,meeting,president,top,nba,side,discloses,plans,nigeria,https,t.co,a0eelmhzxu,newspapers,feedly,
dwade:this,team,happy,see,hym,earn,hys,way,nba,despite,hys,father,legend,hits,blunt,https,t.co,sdo4kfr5km,
simyeoniru,nba,legend,new,york,knicks,played,like,70s,
greatest,nba,yr,peaks,mvp,ring,scoring,titles,total,stats,tie,breakers,descending,order,ewing,admiral,russ,harden,timmy,dirk,zeke,dwade,hakeem,kg,steph,kd,iverson,shaq,magic,kobe,lebron,moses,legend,mj,
done,plugged,jordan,million,say,shit,thinking,influencial,nba,legend,get,people,set,kill,
kyrie,irving,courageously,stands,convictions,beliefs,amp,nba,quick,stand,w,amp,disavow,kap,knelt,convictions,beliefs,amp,nba,practically,crowned,nfl,legend,nba’s,getting,weak,doublestandard,teammatesshouldhavehisback,thrownunderbus,
nba,orlandomagic,orlando,magic,legend,build,statue,
check,gallery,https,t.co,cincinnati,royals,history,look,nba,legend,opponents,https,t.co,gogrdlonub,
dad,nba,legend,who’s,molding,nigga,literally,built,league,he’s,grinding,https,t.co,4odgs2h3hl,
taylorrooks,clout,job,cover,nba,
sloot,inches,shorter,griner,scored,biggest,play,game,legend,
nba,legend,d,good,tmac,wade,https,t.co,debkpsv6xz,
dude,legend,student,manager,sc,just,total,pro,https,t.co,dtl09bg08j,
stumbled,upon,video,nba2k,getting,raptors,announcer,herbiekuhn,announce,players,new,nba,video,game,think,pretty,cool,herbie,legend,one,best,pa,announcers,raptors,https,t.co,
nba,prints,added,grab,favourite,legend,today,unframed,flat,rate,shipping,auswide,buy,now,https,t.co,zirrxwkzns,https,t.co,emxqelafhd,
olympic,gymnast,two,sons,nba,legend,make,money,instagram,college,athlete,ncaa's,interim,name,image,likeness,guidelines,new,report,shows,https,t.co,s89swfbpns,
bensimmonsfan_,nfl,ou,nba,
nba,pacers,bucks,legend,sam,merrill,
cantguardbeard,ong,tf,agenda,tim,duncan,man,wakes,chooses,slander,least,controversial,nba,legend,time,
rhody,legend,https,t.co,ovbqk8xvgw,
nba,orlandomagic,orlando,magic,legend,
iiicorrupted,j_unmasked,bulchaa_sanyii,legendofwinning,harden,mvp,multiple,time,nba,star,player,records,outstanding,legend,dont,blind,hate,casual,kobe,definitely,better,said,harden,better,playmaker,true,weirdo,
nba,legend,charles,barkley,goes,great,one,wayne,gretzky,actually,stopped,shot,barkley,say,goaltending,coach,sucked,needed,new,coach,don’t,think,it’s,panthers,fault,chuck,ok,https,t.co,pz6drhtgeu,
kyrieirving,happy,proud,see,standing,something,believe,just,sad,upset,people,field,stand,true,hero,legend,nba,blm,blacklivesmatter,blacktwitter,legend,
news,notes,bobby,hurley,say,missing,postseason,pac,player,got,words,wisdom,nba,legend,team,looking,point,guard,https,t.co,yzhiztbfzx,
nba,legend,kareem,abdul,jabbar,opened,like,black,cop's,kid,new,essay,https,t.co,duz2gvvrrp,
nba,youngboy,living,legend,
nba_historias,nuggets,legend,alex,english,https,t.co,dnafizupkg,
football,legend,vs,nba,legend,https,t.co,ujmzhit47c,
nba,billwalton,spidadmitchell,gotta,luv,big,fella,coolest,ever,legend,
kyrieirving,definition,legend,mind,rebel,without,cause,kyrieirving,brooklynnets,nba,
drew,kobe,bryant,apple,pencil,ipad,pro,art,artislife,blackartists,supportblackart,painting,ipadpro,applepencil,digitalart,ipad,procreate,sketchbook,sportscenter,golf,legend,nba,kobebryant,portrait,kobe,lakers,ripkobe,sports,espn,https,t.co,ubxx1ac4fn,
season,legend,carries,random,rookie,nba,https,t.co,xfipu0r1tt,via,youtube,
happy,birthday,one,greatest,clutch,scorers,nba,n,celtic,history,goat,inglewood,lawrence,boston,amp,every,stripper,party,legend,
letscomplain,firsttake,stephenasmith,kyrieirving,brooklynnets,lol,narrative,silly,really,believe,garbage,kyrie,legend,teammates,sense,loyalty,just,drop,self,respect,veins,wld,support,amp,refuse,play,fully,reinstated,every,nba,player,league,
the_lodi_legend,sherwoodstrauss,absolutely,choice,pivot,career,nba,reporting,anti,woke,political,commentary,power,making,decision,column,ass,
nbahistory,grateful,seen,rivalry,college,championship,game,two,greats,saved,nba,never,another,rivalry,days,like,magic,larry,legend,game,day,battles,iconic,
know,whole,range,merch,available,alwaysballinuk,legend,27_blake,rockin,newest,addition,collection,https,t.co,3ciklpzfil,
re,tweet,nfl,throwback,happy,48th,birthday,eagles,legend,sports,nfl,nba,mlb,dfs,fanduel,draftkings,
magicjohnson,hollyrpeete,hello,start,project,interviews,nba,players,age,previous,guests,tim,hardaway,oscar,robertson,can,talk,podcast,great,polish,nba,fans,legend,dm,can,send,details,https,t.co,rxhavw5jzs,
aspire,he’s,light,day,way,music,flows,sounds,extravagant,pleasant,youngboy,icon,legend,idol,king,inspiration,star,go,understand,love,nba,youngboy,youngboy,aka,goat,goat,allah’s,goat,
lamelo,ball,larry,legend,amp,christian,wood,takeover,park,l,nba,https,t.co,45lgxczaio,via,youtube,youtubegaming,blazedrts,ps5share,
sasha,helps,open,box,cheap,baseball,cards,get,surprised,card,nba,legend,https,t.co,aprlxnmups,https,t.co,6hdblvzatm,
rolandsmartin,kyrieirving,nba,remember,kyrie,early,wanting,much,make,name,now,just,just,ready,legend,like,kobe,disappears,gone,game,forever,
true,false,prime,larry,bird,mvp,nba,suited,season,bird,player,nba,history,average,ppg,rpg,apg,five,different,seasons,won,mvp,three,years,row,larry,legend,https,t.co,6fogsijshc,
nba,legend,jerry,west,can’t,believe,teams,passed,drafting,luka,doncic,mavericks,https,t.co,
nbahistory,nba,celtics,celtics,path,took,upwards,direction,right,larry,challenged,amp,played,amp,hoisted,bar,mile,gave,every,single,game,pushed,play,injuries,broken,cheek,bone,back,injury,savage,warrior,legend,larrybird,celtics,
nba,legend,michaeljordan,divides,fans,hailing,covidvaccines,telling,public,buy,video,covidvaccine,basketball,https,t.co,6gfs1qjelq,
nba,legend,michaeljordan,divides,fans,hailing,covidvaccines,telling,public,buy,video,covidvaccine,basketball,https,t.co,grsdtjuowv,
happy,birthday,celtics,legend,bleedgreen,nba,nbapl,https,t.co,3muqgtv39q,
topshotfund,i’m,looking,forward,nba,jam,legend,https,t.co,
basketball,legend,pau,gasol,retires,playing,career,catalan,superstar,calls,time,profession,boasting,nba,championships,six,nba,stars,three,liga,acb,titles,https,t.co,ovztpjcb8k,
scott,shay,much,needed,referee,calling,fouls,professors,aren’t,playing,rules,walt,frazier,nba,legend,amp,hall,fame,member,antisemitism,israel,jerusalem_post,israel,nyjewishweek,timesofisrael,jdforward,christian,https,t.co,udqkhuaejz,https,t.co,j2uekchkaa,
nba,mosesbrown_,dallasmavs,celtics,legend,
happy,birthday,future,mavs,legend,mosesbrown_,https,t.co,xiaoaikf7u,
smokemonstertwi,usa_retro,batman,return,joker,wrestlemania,recurrent,nes,rentals,snes,legend,nba,jam,winners,
nba,season,almost,less,week,away,dga,diamond,auto,celtics,legend,paulpierce,topps,rookie,card,dgaauto,dga,nba,basketball,basketballcards,cardgrading,sportscards,whodoyoucollect,shop,sportsmemorabilia,thehobby,autograph,https,t.co,bz8cjlqwdb,
https,t.co,4oj6by14ge,antron,pippen,eldest,son,nba,legend,scottie,pippen,dies,https,t.co,uslzit9i6w,
happy,60th,birthday,nba,legend,doc,rivers,https,t.co,gnfidc3mkr,
nba,legend,supporting,nba’s,vaccine,plan,think,https,t.co,
nba,mosesbrown_,dallasmavs,happy,birthday,celtics,legend,moses,brown,
another,legend,drops,front,scene,record,nba,titles,olympic,medals,star,appearance,feet,inch,year,old,spanish,basketball,player,pau,gasol,announces,retirement,stunning,professional,career,years,https,t.co,1j4xxvn0ar,
new,episode,jimmyfromtheq,joined,quincy,ma,legend,extraordinary,podcast,host,talk,dalvsne,nfl,week,mlb,playoffs,amp,preview,celtics,amp,nba,seasons,bold,predictions,amp,much,podcast,lfg,https,t.co,aa1hstorky,https,t.co,bippolhkxd,
episode,dropping,tomorrow,jimmyfromtheq,joined,1st,ever,guest,show,quincy,legend,extraordinary,podcast,host,stops,talk,dalvsne,nfl,week,mlb,playoffs,amp,preview,celtics,nba,seasons,stay,lookout,https,t.co,vhyvi4mpbb,
nba,mosesbrown_,dallasmavs,happy,birthday,celtics,legend,
network,million,think,give,one,fuck,brooklynnets,lmao,i’d,take,permanent,vacation,piece,mind,job,anyday,literally,don’t,need,nba,anymore,don’t,think,give,fuck,tbh,s,o,legend,kyrieirving,
youngboy,angel,he’s,person,aspire,he’s,light,day,way,music,flows,sounds,extravagant,pleasant,youngboy,icon,legend,idol,king,inspiration,star,go,understand,love,nba,youngboy,
michael,jordan,says,firm,believer,science,chicago,bulls,legend,throws,support,behind,nba's,covid,vaccine,stance,brooklyn's,34m,year,kyrie,irving,st,via,https,t.co,tryg0aubdk,https,t.co,hc2xa6rgpo,
michael,jordan,t,shirt,nba,jersey,michael,jordan,shirt,jordan,nike,basketball,player,legend,greatest,jump,shot,chicago,bulls,theshirtshopuk,via,etsy,https,t.co,damh7otgax,
i’m,firm,believer,science,nba,legend,michael,jordan,divides,fans,hailing,vaccines,telling,public,buy,video,https,t.co,lzc6tr2u9t,
rockets,legend,https,t.co,2w0gual3bo,
jaymktg,underdogspecial,nbatopshot,packripewing,girldadnft,nba,guess,definition,boring,basketball,basics,fundamentals,better,everyone,else,yes,extremely,boring,tim,duncan,legend,wasn’t,flashy,amazing,basketball,player,amp,fist,full,rings,show,
heat,legend,https,t.co,
players,league,become,soft,nba,legend,reggie,miller,sure,seems,like,nbayoungboy,nbabasketball,nbanews,nbahighlights,nbavote,nba,basketball,nbabasketball,https,t.co,qrzt5bprhp,
i4ni,larry,bird,i4ni,hip,hop,tribute,boston,celtics,nba,legend,https,t.co,
i4ni,larry,bird,i4ni,hip,hop,tribute,boston,celtics,nba,legend,https,t.co,
twitter,account,vows,increase,size,nba,legend’s,collar,likes,maybe,goes,far,tweets,humor,https,t.co,a3pnjqu7ko,
tim,duncan,underrated,nba,championships,mf,legend,https,t.co,sgqfytarvj,
globesvcs,lavar,legend,got,two,kids,drafted,nba,lmao,he’s,mind,making,dollars,
can,think,nba,legends,top,head,probably,another,minutes,current,players,legend,status,retire,yet,y’all,swear,every,single,one,top,time,
grand,reunion,utah’s,tech,startup,community,siliconslopes,summit,back,star,cast,including,apple,ceo,tim_cook,nba,legend,utah,jazz,co,owner,dwyanewade,longtime,microsoft,ceo,la,clippers,owner,steven_ballmer,https,t.co,ziaiasrwar,https,t.co,hoq0bjiv0k,
chillin,nba,legend,john,salley,allday,today,nigga,official,
legend_xv_today,ya,true,nba,lot,similar,now,think,
nba,jam,better,legend,zelda,ocarina,time,
chicago,bulls,legend,michael,jordan,said,firm,believer,science,backed,national,basketball,association’s,nba,stance,covid,vaccinations,ahead,new,season,starting,october,https,t.co,vsyulzcrew,
ben,wallace,underrated,6x,defense,5x,nba,4x,dpoy,4x,star,2x,rebounding,leader,block,champion,nba,champion,legend,https,t.co,mysqyqi0da,https,t.co,
paulbromby,donnovanbennett,easy,dino,legend,two,yrs,nba,kyrie,disqualified,world,flat,bs,now,selfish,prick,
gsn,count,michael,jordan,among,believe,nba,players,part,end,covid,pandemic,getting,vaccinated,nba,legend,discussed,league’s,covid,protocols,monday,interview,craig,melvin,nbc’s,today,https,t.co,sqainzcdph,https,t.co,vvjpjlxmum,
it’s,way,want,dunk,contest,amazing,dude,man,favorite,nba,legend,p.s,hope,read,bryson,hoole,
cryoverthetruth,dragonflyjonez,players,named,actually,stars,teammates,lebron,nba,kd,amount,nba,teammates,
kyrieirving,several,reporters,nba,legend,players,said,believe,science,laughed,policians,amp,scientists,amp,professors,amp,doctors,can,bought,money,fact,already,happened,theory,believe,science,wrong,cases,let,thoseidiotstohell,
niggas,got,nephew,nba,legend,using,enhancement,
welcome,next,founder,terrenceross,huskies,legend,top,draft,pick,slam,dunk,champ,current,magic,small,forward,love,gaming,tarkov,addict,spilled,right,space,he’s,excited,interact,build,something,special,us,nba,nft,https,t.co,ckedci7gjd,
excited,announce,next,founder,playersonlynft,thats_g_,michigan,state,legend,current,orlando,magic,guard,gary,loves,community,aspect,space,can’t,wait,build,something,amazing,everyone,nba,nfts,https,t.co,shjodhta6q,
usa,basketball,best,coaches,nba,history,coaching,missing,players,including,starters,friendly,amp,lost,really,good,australia,team,basketball,fans,amp,nba,media,pissed,lot,demanding,popovich’s,job,legend,https,t.co,hsosxnddzu,
stan,legend,nba,twitter,month,
michael,jordan,says,firm,believer,science,chicago,bulls,legend,throws,support,behind,nba's,covid,vaccine,stance,brooklyn's,34m,year,kyrie,irving,st,via,https,t.co,2e3top2krr,https,t.co,ulkxuf6kxq,
yooooo,yrs,old,found,https,t.co,ew6uxyw3yl,
fat,joe,called,da,baby,tupac,maybe,swear,youngboy,nba,tupac,baby,rappers,goat,legend,legendsoftomorrow,hiphoped,hiphopmusic,2pac,xxl,beatmakers,beatla,newera,
townbrad,three,mavericks,legends,one,player,mavs,legend,nba,legend,kurt,nimphius,
showtimeknicks,marcelo,heurtas,nba,live,mobile,legend,
nba,nbl,nba_au,basketballaus,telegraph_sport,heraldsunsport,good,congrats,legend,
you’re,real,nba,fan,don’t,recognize,basketball,legend,https,t.co,qqrhb7txbn,
many,nba,community,split,league’s,covid,protocols,hornets,owner,bulls,legend,michael,jordan,steadfast,feels,https,t.co,kqupepbe5f,
um_radio_mic,nba,let’s,see,can’t,hand,check,can’t,foul,guy,hard,star,players,get,every,call,larry,legend,go,night,sleep,mj,go,night,today’s,pro,hoops,joke,soft,like,butter,
two,sides,every,urban,legend,https,t.co,drvfukwn3e,
cameo,appearance,former,nba,legend,chris,dudley,https,t.co,ktd30zy9ka,
also,time,met,nba,legend,https,t.co,ufuhvscgzo,
orlandomagic,vs,celtics,preview,focus,tuesday's,practice,freedom,decision,making,offense,advantages,amp,latest,injury,updates,rivals,report,boston,legend,marc_damico,https,t.co,coi1j5nmxa,
um_radio_mic,nba,30ppg,floor,prime,larry,legend,
becoming_bryna,nba,love,dad,legend,
kyrie,lrving,far,season,nba,career,nba,champion,nba,star,nba,star,game,mvp,nba,second,team,nba,third,team,club,nba,rookie,year,nba,rookie,first,team,nba,three,point,contest,champion,fiba,world,cup,mvp,legend,
michael,jordan,says,firm,believer,science,chicago,bulls,legend,throws,support,behind,nba's,covid,vaccine,stance,brooklyn's,34m,year,kyrie,irving,st,via,https,t.co,ukepcfr1gs,https,t.co,cishs3shvi,
rip,kyrie,career,welcome,free,agency,life,legend,got,ring,said,fuck,u,nba,https,t.co,blatq1n8uo,
retired,nba,legend,
ohiozags,evaluation,he’s,presented,second,highest,market,cap,site,say,hes,second,best,player,nba,even,potential,believe,second,lebron,solidified,basketball,legend,
son,utahjazz,part,owner,nba,legend,dwyanewade,reportedly,track,start,playing,team’s,organization,soon,ryanwmcdonald,https,t.co,y6si6fflyv,
one,fave,coming,projects,oddballclubnft,collabing,legend,nba_paint,https,t.co,wmxanx2h9j,
told,ya,https,t.co,buipfm8osa,
michael,jordan,says,firm,believer,science,chicago,bulls,legend,throws,support,behind,nba's,covid,vaccine,stance,brooklyn's,34m,year,kyrie,irving,still,leading,rebels,despite,season,starting,next,week,https,t.co,zjacu7j0it,
basketball,legend,michael,jordan,firm,believer,science,backed,nba's,covid,stance,https,t.co,xmwcaepwzl,https,t.co,
hedake,smith,sad,sad,story,boy,nba,legend,
room,players,willing,risk,health,lives,teammates,staff,fans,simply,unable,grasp,seriousness,situation,necessary,research,nba,legend,kareem,abdul,jabbar,told,rolling,stone,https,t.co,xeolknaler,
nbahistory,nba,legend,goat,
uk’s,greatest,basketball,player,luol,deng,nba,rookie,first,team,twice,star,legend,chicago,bulls,modern,day,superstar,british,sport,brits,won’t,heard,bhm,https,t.co,xpocq1npvr,
lick,chops,kareem,abdul,jabbar's,response,asked,saw,draymond,green,guarding,basketball,legend,spoke,vincegoodwill,nba’s,upcoming,list,greatest,players,comparing,generations,https,t.co,https,t.co,
only1mone,bleacherreport,shamscharania,perks,son,nba,legend,zaire,work,hard,get,
sportsbiz,knicks,legend,nba,hall,famer’s,school,focus,teaching,kids,business,basketball,https,t.co,meitwstpxn,https,t.co,jdlvlmxsjv,
just,zaire,wade,son,nba,legend,dwayne,wade,expected,sign,nba,g,league,contract,sierra,canyon,grad,anticipated,join,salt,lake,city,stars,slcstars,https,t.co,507fpm5keh,
tomorrow,mother,legend,courtsidemoms,momsraisingpros,basketballlife,nba,nbamoms,basketballmoms,ballers,basketball,proudmoms,womenupliftingwomen,https,t.co,
instead,playing,basketball,toledo,south,carolina,dwyane,wayne's,kid,going,g,league,go,wrong,https,t.co,
hours,nba,legend,returns,myteam,https,t.co,
pumped,nba,preseason,golakers,huge,fan,watch,ad,1mm,times,makes,good,https,t.co,yihmdmf4cz,
day,last,year,high,school,legend,estaban,weaver,pod,considered,king,ohio,amp,respect,former,amp,current,nba,players,day,guys,like,get,check,doc,titled,estaban,listen,https,t.co,rxeuo0yzdf,
nbahistory,nba,celtics,legend,made,debut,
nba,goals,win,design,contest,join,df,youtube,subs,twitter,followers,including,df,nba,hit,legend,current,next,gen,
zaire,wade,class,prospect,son,nba,legend,dwyane,wade,expected,join,utah,jazz's,g,league,affiliate,https,t.co,uhbyq2qirw,
post,edited,listen,iconic,celtics,announcer,johnny,calling,boston,legend,larry,bird’s,debut,nba,game,https,t.co,rx7ez9jh0p,https,t.co,eg9dsnf9ch,
ravodathird,saying,isn’t,advantage,son,one,owner’s,team,nba,legend,that’s,definitely,trump,card,lot,folks,can’t,pull,
oct,wilt,chamberlain,dies,age,nba,legend,also,starred,ku,kshof,
michael,jordan,says,firm,believer,science,chicago,bulls,legend,throws,support,behind,nba's,covid,vaccine,stance,brooklyn's,34m,year,kyrie,irving,st,via,https,t.co,https,t.co,harnjclexz,
i’m,firm,believer,science,nba,legend,michael,jordan,divides,fans,hailing,vaccines,telling,public,buy,video,https,t.co,qjabiqoetj,scamdemic,istandwithnikiminaj,novaccinemandates,another,sellout,
nba,legend,shaquille,o’neal,announced,launch,nft,collection,title,shaquille,o’neal,eras,dominance,collection,cooperation,ethernity,chain,nfts,nft,digitalart,art,cryptoart,artist,raredigitalart,ethereum,artoftheday,https,t.co,l1ovwsz97y,
zaire,wade,son,nba,legend,dwyane,wade,signing,contract,utah,jazz,nba,g,league,affiliate,salt,lake,city,stars,dwyane,wade,part,owner,utah,jazz,interested,seeing,per,shamscharania,https,t.co,zo3sv6g75v,
kyrieirving,legend,keep,standing,rights,fuck,brooklynnets,fascism,racism,within,organization,freedomflu,nba,novaccinemandates,
today,blog,conversation,topshotdadmoves,alxocity,one,unique,moments,nbatopshot,josh,richardson,mgle,read,never,dull,moment,https,t.co,jrxf7yscqp,https,t.co,zhioiaivxy,
legend,pats,legend's,bum,standard,https,t.co,4fdfo2usfd,
legend,suck,fuck,nba,https,t.co,
mightmaybnick,kyrie,legend,making,nba,side,hustle,still,making,money,lol,
usatoday,sportswriter,makes,pretty,compelling,case,including,depaulhoops,legend,george,mikan,top,five,nba's,greatest,players,full,rationale,can,found,link,https,t.co,mdqfou7g2y,
talking,practice,viola,alleniverson,hollywood,nba,legend,bud,streetwearla,patta,apc,dicethegod,hollywood,california,https,t.co,9fakbhywer,
remembering,wilt,gonenotforgotten,wiltchamberlain,basketball,legend,nba,aba,repost,blackamericaweb,https,t.co,
zachlowe_nba,bill,worrell,fucking,legend,can,disrespect,like,
himuro,frontman,1980s,japanese,rock,band,boøwy,bought,nba,legend,million,listed,sale,earlier,year,million,https,t.co,ughjowafbo,https,t.co,pveginhfoe,
shaquille,o'neal's,hilarious,reaction,sums,tyson,fury's,emphatic,ko,victory,deontay,wilder,nba,legend,left,stunned,gypsy,king,put,epic,rivalry,bed,https,t.co,https,t.co,f4jfnqhkmh,
michael,jordan,says,firm,believer,science,chicago,bulls,legend,throws,support,behind,nba's,covid,vaccine,stance,brooklyn's,34m,year,kyrie,irving,still,leading,rebels,despite,season,starting,next,week,https,t.co,eud85yxrmt,https,t.co,
it’s,hard,replace,broadcasting,legend,like,marczumoff,katetscott,good,start,unique,combination,energy,excitement,amp,style,also,perfect,partner,alaatweets,may,together,long,time,amp,lead,sixers,nba,finals,
legend,winningest,list,nba,fantasy,unleashed,upon,us,said,give,manager,wields,power,rule,leagues,felt,power,time,wield,aaronbruski,danbesbris,hoopballfantasy,fantasybasketball,https,t.co,uyr5u2mnxa,
see,number,heat,jersey,automatically,think,legend,mario,chalmers,https,t.co,
onthisday,celtics,legend,larry,bird,made,nba,debut,went,win,nba,titles,boston,rank,bird,among,nba,players,time,bleedgreen,boston,nbatwitter,basketball,https,t.co,vnsq8nsj8m,
hubertfrommaine,omgitsbirdman,mean,let,karl,malone,play,nba,he’s,still,treated,like,nba,legend,
time,nba,champion,serial,entrepreneur,shaquille,o’neal,just,released,collection,nfts,ethernity,guess,title,shaquille,o’neal,eras,dominance,collection,much,respect,legend,nft,ethernity,nftcollection,shaq,https,t.co,0epgnuxyxv,
larry,bird,nba,legend,nft,trading,card,https,t.co,gr92dgugzj,https,t.co,usmmp51c1g,
kareem,abdul,jabbar,nba,legend,nft,trading,card,https,t.co,2hiadievtt,https,t.co,38b1whk2vo,
like,basketball,go,youtube,subscribe,legend,krispyflakes2k,help,reach,goal,500k,subscribers,end,upcoming,nba,season,one,coolest,people,entire,world,https,t.co,
hotnewhiphop,dey,awesome,couple,guys,nba,legend,needs,space,achieve,highest,levels,excellence,calls,gotta,get,made,lifetime,opportunity,anyone,sincerely,loves,melo,understand,
dercarmy,deracenft,themichaelowen,zssbecker,sports,stars,great,maybe,someone,nba,nfl,perhaps,legend,https,t.co,icaszh2cfz,
seen,new,nba,commercial,michael,b,jordan,driving,school,bus,picking,kids,multiple,legend,nba,stars,current,nba,stars,well,legends,it’s,
i’ll,always,soft,spot,gilbert,arenas,wizards,fan,also,first,nba,players,follow,ig,legend,https,t.co,pevlssy7ll,
_mr_cool,__burneracct,nba,legend,
youngboy,angel,he’s,person,aspire,he’s,light,day,way,music,flows,sounds,extravagant,pleasant,youngboy,icon,legend,idol,king,inspiration,star,go,understand,love,nba,youngboy,
snippaboii,fucking,feel,say,ant,going,nba,defender,one,day,feel,brother,going,legend,
reggie,miller,knows,league,gone,soft,https,t.co,joxbpylaoi,
reggie,miller,knows,league,gone,soft,https,t.co,saxbbdtyth,
mark,jackson,late,brother,legend,troy,escalade,jackson,miss,every,single,day,extremely,proud,https,t.co,f4lvbopaqw,
nfl,nba,always,storyline,old,legend,new,team,wins,championship,brady,lebron,mvp,getting,hump,giannis,now,lamar,ravens,win,super,bowl,well,besides,falcons,
nba,suns,legend,
arujangotgame,thurston,nrl,cowboy,legend,dame,nba,blazer,legend,kyle,felt,nrl,cowboys,game,tieing,legend,needs,retire,bit,old,now,honorable,mention,ben,hunt,nrl,hated,broncos,supporters,dropped,ball,luv,u,hunt,
_talkin_nba,bulls,legend,shaq,harrison,
wed,loc_magicians,ast,mbb,coach,coach__jernigan,guest,talk,journey,bball,player,now,college,coach,learning,former,ball,state,legend,nba,vet,bonzi,wells,future,recruits,consider,dii,program,thefocustv,https,t.co,rcvccez37c,
got,heydb,whispering,bruno,mars,lyrics,breath,already,midseason,form,nba,legend,
lmao,kyrie,said,fuck,job,fuck,y’all,imm,want,first,part,time,nba,player,history,legend,
jack,armstrong,telling,drake,he’s,club,legend,19th,hole,watch,preseason,raptors,games,drake,nba,games,gt,drake,musician,
absolutely,made,day,legend,comin,home,https,t.co,9n9uopzcmv,
seriouslysusman,joelyws,shapedinternet,sincerely,kentrell,chart,topping,3rd,studio,album,rap,legend,nba,youngboy,
real,ones,know,legend,timo,cruz,nbameme,nba,3ptshooter,https,t.co,
nba,urban,legend,want,true,
cardtober,day,meyers,leonard,nba,legend,joke,todays,player,like,please,https,t.co,
icymi,nba,legend,cannabis,entrepreneur,isiah,thomas,growing,weed,enterprise,https,t.co,rxxjnmihed,
really,awesome,gesture,utahjazz,legend,karl,malone,takenote,nba,https,t.co,
going,way,downtown,remember,nba,legend,walter,dukes,basketball,sportshistory,pistons,setonhallmbb,https,t.co,
nba,filled,fictional,neighborhood,former,stars,current,ones,seven,mascots,plenty,easter,eggs,hoops,junkies,75th,anniversary,ad,https,t.co,wmemv0zrbx,
nba,filled,fictional,neighborhood,former,stars,current,ones,seven,mascots,plenty,easter,eggs,hoops,junkies,https,t.co,dhmkaf6mrj,
suns_tutu_fan,phnx_suns,suns,nba,nba90s,thenbacentral,you’re,legend,part,lot,people’s,memories,watching,games,home,
one,best,panini,cards,card,proud,oscar,schmidt,legend,fiba,tell,something,look,now,honored,nft,fanzone.io,love,see,james,nft,nba,basketball,player,points,https,t.co,evodfr5lbb,
t,minus,days,run,back,packs,drop,nba,legend's,moment,looking,pull,details,https,t.co,f4xcnw214d,https,t.co,t4xo6xorip,
squirtreynoids,man,legend,remember,hearing,nba,live,mans,just,legend,overall,
honouring,late,great,legend,kobebryant,kobe,link,https,t.co,z4m7j7mejh,https,t.co,
yo,just,went,checked,nba,youngboy,songs,charting,billboards,top,prison,cell,features,now,realreal,sh,t,yb,legend,top,album,run,much,promo,got,hardly,radio,play,
imagine,college,playing,year,old,nba,legend,freshman,college,dope,https,t.co,
https,t.co,nba,nbaontnt,espnnba,dame_lillard,helpin,em,sum,real,man,balla,jot,hiz,calla,game,love,deeply,n,lil,1st,son,damejr,already,can,pic,runnin,shiz,jes,like,daddy,datswuzzup,folks,amp,true,legend,https,t.co,xgoqs488om,
kids,knew,good,glove,garypayton,legend,theglove,https,t.co,sffo6uhgdh,
give,nba,lokai,every,legend,making,nba,https,t.co,9cf5ofksyz,https,t.co,nbyg3qmvwi,
nba,legend,michael,jordan,can,longer,stay,silent,https,t.co,s2ndx2uana,
trail,blazers,announce,addition,sportscenter,legend,oregon,native,neil,everett,broadcast,team,https,t.co,twqgcwqhxv,https,t.co,simg9c4eeq,
anthonytambot,billyreinhardt,kd,nba,legend,iso,joe,nets,god,
help,us,welcome,neil,everett,broadcast,team,https,t.co,nto2griktt,
watch,boston,celtics,legend,paul,pierce,dropping,teasers,new,video,project,https,t.co,uxplltu81h,https,t.co,nba,sports,basketball,
sources,https,t.co,fjgy9lthky,https,t.co,jow2pmctwy,https,t.co,pfqeapjsbb,https,t.co,hultkgwrvp,https,t.co,uhxhb3vkfp,https,t.co,nzyulswqrl,https,t.co,x77qacso4y,https,t.co,https,t.co,https,t.co,6ox93plgda,
jimmyspencer,barstoolchicago,barstoolwsd,mentioned,one,greatest,nba,beat,writers,time,sacramento,legend,judges,allow,
legend,https,t.co,fuoyvazyfh,
two,kinds,people,people,rooting,success,2x,nba,champ,knicks,legend,jr,smith,bad,people,
anyone,ever,dressed,like,lived,florida,t,duncan,orlando,seemed,much,st,croix,ish,duncan’s,beloved,birthplace,san,antonio,loved,nba,alternate,history,legend,https,t.co,eb2q1ashpo,
return,baltimore,washwizards,hold,practice,morganstateu,coach,unseld,looks,great,quick,chat,time,johnshopkins,playing,legend,bill,nelson,welcome,back,home,nbcswashington,nba,https,t.co,xuseqzqe5y,
son,nba,legend,made,name,music,industry,jervingiii,https,t.co,t6b7tp446d,https,t.co,89sovzu4cq,https,t.co,jqaqg4vt4j,
don’t,sit,still,walk,addressing,concerns,charting,aar,last,night,thought,time,nba,legend,asked,suggest,wear,interview,reply,sir,you’re,legend,can,wear,whatever,like,aboutlastnight,https,t.co,dilrem3whl,
mark,jackson,late,brother,legend,troy,escalade,jackson,miss,every,single,day,extremely,proud,https,t.co,tevztlgmbq,
excuse,2x,nba,legend,lolololol,rooting,
mark,jackson,late,brother,legend,troy,escalade,jackson,miss,every,single,day,extremely,proud,fadeaway,world,https,t.co,
black,coaches,start,nba,season,one,shy,ath,start,season,opportunity,recall,bill,russell,became,first,black,coach,history,nba,sports,basketball,https,t.co,44mxscbikw,
august,jr,smith,enrolls,north,carolina,amp,t,announces,play,golf,ncataggies,october,qualifying,tournament,just,single,stroke,2x,nba,champ,makes,collegiate,debut,phoenix,invitational,legend,https,t.co,lxfgibf0vs,
nba,utahjazz,grizzlies,legend,
nba,utahjazz,happy,bday,grizzlies,legend,
nba,utahjazz,happy,birthday,mike,conley,grizzlies,legend,
iamthefawb,kvothekingkilla,josh3times,brooks_legend,_talkin_nba,last,two,points,now,dispute,based,studies,
ufwrosa,69420_wrld,bigman_clown,invincibleswrld,doubwrld,itsproyal,mridu_wrld,maknaemyfilter,kikeonthemoon,boubwrld,hititinthemorn,onelastweeknd,cymcymalt,mintylipa,noahxzss,kingwinty,okbanditt,999alteredwrld,aqua_paris,g999jacob,papi_jax,blazesuprimo,bluecashwgr,m1ck0do,pushkil0s,cavalier_wrld,willisecond,capalotmanni,allysrep,734dex,lii_bipby,maxwelldontmiss,gabriwoorlddd,wayt00late,cyborg_nba,man,myth,legend,yb,
legend,eighttwofour,kobe,bryant,fools,paradise,available,cm,gt,gt,https,t.co,pxrhntfbab,foolsparadise,eighttwofour,kobe,kobebryant,statue,nba,lakers,lalakers,basketball,legendseries,designertoys,arttoys,vinyltoys,hypebeast,highsnobiety,https,t.co,nekx7xnxpj,
kvothekingkilla,josh3times,brooks_legend,_talkin_nba,just,check,odds,chance,getting,covid,w,o,vaccine,million,us,citizens,vaccinated,breakthrough,cases,thru,end,august,
chlo_sarah,hello,legend,chance,can,entice,return,nba,tipping,upcoming,season,keen,code,https,t.co,nr2fh8onll,
mark,jackson,late,brother,legend,troy,escalade,jackson,miss,every,single,day,extremely,https,t.co,icgijo8meh,
nba,legend,https,t.co,kuvna4urfv,
adage,nba,filled,fictional,neighborhood,former,stars,current,ones,seven,mascots,plenty,easter,eggs,hoops,junkies,75th,anniversary,ad,https,t.co,sx4qssguto,
josh3times,brooks_legend,_talkin_nba,literally,lol,smh,vaccination,stop,getting,covid,helps,deal,virus,contracted,can,still,spread,even,getting,whether,vaccinated,mandate,get,vaccinated,stupid,
brooks_legend,_talkin_nba,literally,aren’t,
man,amazing,enjoyed,conversation,time,together,coach,wilkins,looking,forward,working,together,seattlesonics,seattle,coach,lennywilkins,daytwodaywithfaith,youtuber,nba,wnba,riseaboveinc,basketball,legend,hof,https,t.co,xybd6bngys,
_talkin_nba,want,move,i’m,going,say,whatever,can,make,big,tech,crazy,company,disney,happy,people,aren’t,even,people,anymore,robots,malika_andrews,
_talkin_nba,i’m,sick,people,acting,like,vaccinated,people,aren’t,getting,passing,covid,rate,
bouta,nba,legend,definitely,honorary,warriors,player,board,member,ecogavestraw,
goldenknightgfx,legend,
denis,shapovalov,speaks,meeting,nba,legend,steve,nash,https,t.co,wsolqurg9q,
nba,hall,famer,basketball,legend,shaquille,o'neal,shaq,preparing,first,nft,launch,basketball,world,excited,nftplazas,nfts,nftcommunity,nftnews,nftcollectibles,celebritynft,https,t.co,
lakers,legend,shaquille,o’neal,takes,shot,another,big,man,https,t.co,shaq,correct,embiid,joel,uses,floor,flop,get,cheap,calls,force,opponents,play,soft,best,player,play,amp,amp,beat,opponent,cheat,
nba,warriors,legend,
mark,jackson,late,brother,legend,troy,escalade,jackson,miss,every,single,day,extremely,proud,https,t.co,qchavrnm9r,https,t.co,q5wgfabxyg,
nba,knicks,legend,
bucks,khris22m,nba,legend,khris,middleton,
winding,top,finds,nba,lane,celebrating,realbillrussell,legend,won,rings,row,competed,just,basketball,true,inspiration,awarded,presidential,medal,freedom,nbatwitter,https,t.co,
metalmaidenco,dailyloud,bro,listen,nba,michael,legend,televised,funeral,whole,world,cried,he’s,king,pop,reason,
mark,jackson,late,brother,legend,troy,escalade,jackson,miss,every,single,day,extremely,proud,https,t.co,hpg9rfas8f,
levitatingwolf,johnnybezgood,jerry,west,thinks,mj,goat,he’s,one,goat,basketball,minds,guess,it’s,settled,https,t.co,5n1ppmulrz,
actually,calling,goat,rookie,year,called,god,sneakers,https,t.co,gk1vyurati,
petition,nba,logo,changed,kobe,nbalogo,nba,kobe,absolutely,disrespect,jerry,west,legend,forever,it’s,time,
net,search,stockton,every,list,time,dirtiest,players,plus,following,https,t.co,onkynermlz,
nba,legend,chris,webber,opening,million,cannabis,operations,training,facility,detroit,called,players,set,break,ground,tuesday,nathaniel,s,butler,nbae,via,getty,images,https,t.co,bsszua7kux,
himuro,frontman,1980s,japanese,rock,band,boøwy,bought,nba,legend,million,listed,sale,earlier,year,million,https,t.co,uogdobcu9y,https,t.co,
nba,legend,chris,webber,opens,million,cannabis,facility,detroit,https,t.co,
can,kill,https,t.co,apyvlwakbs,
cannabiscommunity,marijuana,cannabis,definitely,lifestyle,allen,iverson,harrington,courtesy,started,smoking,cannabis,college,sophomore,year,discloses,nba,legend,allen,iverson,https,t.co,u6w5r67w3j,https,t.co,h7dupnrr7k,
facethenation,agree,nba,legend,kareem,abdul,jabbar,said,don’t,know,what’s,different,now,polio,vaccine,instrumental,eliminating,disease,know,what’s,problem,sounds,like,willful,ignorance,legitimate,concern,
nba,mcarterwilliams,orlandomagic,bucks,legend,
realskipbayless,yo,prune,face,news,feed,see,acts,kingjames,https,t.co,
happy,birthday,mcarterwilliams,enjoy,day,legend,locg,locgameio,wishes,best,life,https,t.co,ez5nawsgkz,
nba,finals,jimmy,butler,established,legend,matter,happens,next,https,t.co,rgf2zcfaci,via,espn,
hornets,legend,https,t.co,
lakers,legend,shaquille,o’neal,takes,shot,another,big,man,https,t.co,ouiv2lvlqp,
https,t.co,lnzkgo7kjl,denis,shapovalov,speaks,meeting,nba,legend,steve,nash,shapovalov,absolutely,enjoyed,meeting,former,canadian,player,nash,https,t.co,dl4rrbbvxj,https,t.co,7g3laeo4yp,
denis,shapovalov,speaks,meeting,nba,legend,steve,nash,https,t.co,cal5q0vsgs,https,t.co,
tunji_legend,mpjfansclub,bsolz_,even,trying,compare,two,ridiculous,heard,world,cup,nba,play,globally,championship,
tunji_legend,mpjfansclub,bsolz_,talking,lebron,soccer,stars,just,talking,basketball,played,globally,nba,really,handicap,just,stop,
gordonrichy,liltunechi,u,look,random,nba,fan,said,tweet,copied,said,can’t,ratio,wayne,legend,
enacbor,nle_ftc_yrg_fng,nbacircles,nobody,changed,shooting,3s,like,curry,wilt,inspired,multiple,rule,changes,arguably,seen,revolutionizing,sport,like,curry,even,https,t.co,jwwhunwydh,
way,can,househead,n,know,guy,legend,little,louie,phori,https,t.co,aik9zkvjdd,
nba_newyork,juliuserving,new,york,legend,especially,someone,grown,long,island,man,means,much,
nba,celtics,future,nba,legend,
top,listened,artists,favorite,album,lil,baby,turn,deluxe,nba,youngboy,ai,yb,lil,uzi,vert,perfect,luv,tape,lil,durk,voth,juice,wrld,d4l,lil,tecca,lil,loaded,dro,kenji,f,ck,feelings,polo,g,die,legend,kid,laroi,savage,
future,nba,legend,josh,giddey,https,t.co,dugrjilgcz,
kobehighlight,legend,nba,
park,means,much,many,attendance,basketball,played,dr,j,others,changed,nba,leadership,mrobertsnbpa,renovate,park,continues,legend,rucker,new,generation,players,thankful,part,https,t.co,sevry8dshk,
watching,heat,legend,solomon,hill,nba,tv,
super70ssports,watching,nba,since,early,80s,never,heard,guy,quick,google,search,turned,legend,
notdavetippett,genomanager,ben,wallace,slander,hofer,ben,wallace,underrated,6x,defense,5x,nba,4x,dpoy,4x,star,2x,rebounding,leader,block,champion,nba,champion,legend,https,t.co,lpfj0bteew,
welcome,back,home,aggiembk,legend,khris,middleton,amp,rest,nba,champion,bucks,https,t.co,nx2rseeiqa,
lakers,legend,shaquille,o’neal,takes,shot,another,big,man,https,t.co,nqpj30wc8y,
nba,bulls,legend,
wes,unseld,jr,thibs,unseld,grew,wizards,dad,course,bullets,legend,executive,first,game,head,coach,dc,https,t.co,6kramjxcyr,
legend_ori,nba,live,
_siims,thehoopcentral,mean,kyle,raptors,legend,nba,champion,
lakers,legend,shaquille,o’neal,takes,shot,another,big,man,https,t.co,hzctlby2ft,
special,offer,reduced,save,orlando,magic,legend,mvp,adjustable,hat,blue,https,t.co,apx32rwxpw,https,t.co,
mpjfansclub,tunji_legend,bsolz_,basketball,broke,american,bubble,early,2010s,now,truely,global,sport,unlike,gridiron,ice,hockey,baseball,issue,nba,still,holds,sport,back,it’s,americanisation,league,instead,transition,world,wide,model,
erigo,t,shirt,nba,legend,olive,https,t.co,q0lsxrcfqe,https,t.co,2butfgcvnc,
today,years,old,found,escalade,rip,mark,jackson’s,brother,https,t.co,6aqmr0ymag,
pau,gasol,lakers,debut,lakers,nets,subscribe,vintage,nba,games,every,week,thanks,paugasol,lakers,legend,hall,famer,https,t.co,qzm19sa9qc,nba,nbapreseason,nbatwitter,nbamediaday,
reyesdebernabeu,guy,avi,real,madrid,legend,nba,superstar,luka,doncic,jersey,actually,designed,madrid,link,lmao,
seriously,respect,love,chris,dudley,legend,nba,chrisdudley,knicks,lakers,shaq,https,t.co,xd1sflmarr,
realearlmonroe,nba,legend,pearl,
btc,try,scare,people,shaq,staying,away,crypto,bottom,big,rally,com,shaq,can,cheap,https,t.co,a9f63c8urf,
dapperdomo,macpena,yeah,pass,becky,hammon,actual,former,nba,players,duncan,time,nba,great,hof,player,ginobili,another,sas,legend,played,success,system,least,years,makes,perfect,sense,
left,legend,race,nba,2k,
hal,greer,statue,officially,unveiled,outside,cam,henderson,center,president,gilbert,dan,d’antoni,ad,jeff,o’malley,greer,family,speaking,marshall,nba,legend,https,t.co,4qiozaeqjq,
nba,fuckin,legend,
_suisara,overtime,nba,facts,enough,bounce,contend,
ninafx_,enjoy,earning,money,sleeping,trend,changed,bit,locgameio's,nftgiveaway,earning,nft,share,nba,legend,mcarterwilliams,exclusive,nft,apr,staking,locg,kucoin,https,t.co,imkzpalmha,
himuro,frontman,1980s,japanese,rock,band,boøwy,bought,nba,legend,million,https,t.co,xa17oad4gt,https,t.co,r3kly0mvyv,
disrespect,towards,kobe,bean,bryant,stop,it’s,crazy,damn,near,every,legend,current,nba,players,played,kobe,top,yet,write,talk,basketball,day,don’t,https,t.co,yvzdn6s6aa,
inktober,nba,champion,nba,finals,mvp,man,myth,legend,https,t.co,
barcelona,born,basketball,superstar,pau,gasol,retire,sport,age,successful,career,acb,nba,https,t.co,k66vrfubpk,
nba,teams,coming,today,wanted,thank,coaches,guests,watched,ugabasketball,week,special,thank,georgiafootball,former,hc,jim,donnan,legend,james,banks,always,appreciate,greatness,building,godawgs,
cheyennetweets,stephenasmith,overall,that’s,true,wilt,share,bad,games,like,everyone,else,amp,games,amp,russell,outplay,wilt,overall,wilt,dominated,russell,even,close,https,t.co,t4ykdginub,
nba_ruim,twitter,legend,
returning,detroit,pistons,membership,legend,little,recognized,https,t.co,rro76kqknx,nba,
watch,big,rich’s,ig,story,find,nba,legend,studio,tonight,
usa,today,panelists,name,spartan,legend,magic,johnson,best,player,nba,history,https,t.co,dcf358jxuw,
usa,today,panelists,name,spartan,legend,magic,johnson,best,player,nba,history,https,t.co,hxs3xasipn,
y'all,go,check,new,song,https,t.co,fmemkzflul,ehizdans,legend,newsong,drake,lebronjames,audiomack,nba,
nba,brooklynnets,uncw,legend,
nba,legend,
legend,sources,irving,practice,nets,brooklyn,https,t.co,mwwlnmvdjx,
want,see,ad,play,games,season,really,good,time,nba,legend,
stephenasmith,https,t.co,rov8xcpprl,averaged,points,game,
stephenasmith,rj_marceau,lol,ten,teams,players,second,jobs,https,t.co,bkyybr77ua,
bleacherreport,br_nba,legend,
ag_nba_,luka7doncic,love,instead,growing,losing,baby,fat,actually,grew,put,baby,fat,legend,
nba,rockets,legend,
stephenasmith,well,course,wouldnt,put,larry,legend,top,duh,wants,nba,black,players,black,coaches,black,owners,good,luck,getting,fans,black,oh,wait,u,need,whitey,keep,league,afloat,
rooshwilliams,htowncam,proud,c,wood,heeding,advice,former,houston,rockets,legend,back,back,nba,champ,roosh,
best,nba,live,https,t.co,ieywg8nbjs,
outstanding,wolves,need,immediately,need,reggie,jordan,tom,hammonds,stojko,vrankovic,todd,day,nba,jam,te,legend,kendall,gill,lance,stephenson,arinze,onuaku,miroslav,raduljica,go,immortalized,target,center,permanently,https,t.co,sn58mbjdod,
jimmybuxbux,dallasmavs,that’s,nba,legend,andrew,bogu,right,
breaking,we’ve,uncovered,looks,like,monique’s,lost,audition,video,nba's,new,legend,filled,75th,anniversary,ad,nba,lane,doitforthedream,obseshmedia,thehoopbus,obsesh,https,t.co,tzykp43hhz,
sontseattle,dougpigsleykomo,one,thing,shaq,guy,consistently,living,best,life,last,thirty,years,fan,watching,inside,nba,indomitable,legend,everyday,life,
nba2k,beluba,brutalsim,couple,suggestions,nba,option,turn,boost,gatorade,game,since,legend,grind,kind,obsolete,park,hall,fame,need,hit,milestones,like,career,give,players,reason,grind,
scott,shay,much,needed,referee,calling,fouls,professors,aren’t,playing,rules,walt,frazier,nba,legend,amp,hall,fame,member,antisemitism,israel,jerusalem_post,israel,nyjewishweek,timesofisrael,jdforward,christian,https,t.co,djvznndqcx,https,t.co,ck2ujbgj0i,
bb__blues,jakepaul,hardly,trains,nearly,lost,just,retired,nba,player,olympic,champion,much,boxing,proves,point,got,knocked,seconds,ufc,managed,nearly,knock,jakes,w,rigged,
eddieclutch,shamscharania,every,nba,team,consider,bringing,back,franchise,legend,fo,culture,
crying,crying,nba,legends,leaders,https,t.co,pwawdkimlx,
deep,thoughts,nba,superstar,future,boston,time,legend,jayson,tatum,show,
sandonfl,ditto,amp,magic,saved,nba,amp,get,checks,life,he’s,larry,legend,
