stan76ers,wolv_uchiha,showanw,officialoppong_,b1ackschefter,it’s,like,even,trying,fact,based,discussion,wilt,played,double,triple,teamed,constantly,hung,hundred,guy,played,center,original,dream,team,nba,center,went,make,allstar,roster,
undíacomohoy,hace,años,willis,reed,debutó,en,la,nba,temps,gt,nyk,gp,pts,reb,ast,roy,mvp,allstar,mvp,final,mvp,sporting,news,mvp,pelotabinaria,https,t.co,4ittkzs1vt,
undíacomohoy,hace,años,rick,barry,debutó,en,la,nba,rick24barry,temps,gt,sfw,gsw,hou,gp,pts,reb,ast,roy,mvp,allstar,mvp,final,sporting,news,roy,pelotabinaria,
undíacomohoy,hace,años,larry,bird,debutó,en,la,nba,temps,gt,bos,gp,pts,reb,ast,roy,mvp,allstar,mvp,final,veces,mvp,sporting,news,mvp,sporting,news,roy,pelotabinaria,https,t.co,thqn3qkofx,
sixers_leek,tyjohnsonnews,what’s,worth,opinion,here’s,simple,test,name,nba,years,won,games,every,year,playoff,series,every,year,won,roy,3x,allstar,2x,first,team,defense,1x,pro,best,wing,defender,nba,name,
csbanterpfb,wojespn,won,games,every,season,lockout,woulda,lace,won,playoff,series,every,season,3x,allstar,1x,pro,2x,defense,first,team,defense,top,perimeter,defender,nba,
nba,player,intros,intro,song,happened,allstar,amp,mvp,vote,list,cant,change,shoes,home,away,games,happened,history,list,previous,champions,mvps,remove,much,game,nba2k,ronnie2k,
brother,really,changed,slam,dunk,competition,https,t.co,jmvokvmtoy,
give,street,want,nba,celebrity,allstar,game,https,t.co,wdutwxyxqo,
rsandns,ymenjoyer,isiahthomas,nba,lakers,loaded,squad,just,like,celtics,magic,james,worthy,m,cooper,dpoy,5x,nba,defense,ac,green,1x,allstar,klay’s,daddy,bryon,scott,
giannis34szn,thehoopcentral,certifiedszn,2nd,person,ever,average,triple,double,put,statlines,seen,since,wilt,chamberlain,mvp,9x,allstar,2x,nba,first,team,2x,scoring,leader,3x,assist,leader,yah,deffinetly,top,time,
kosordie,spankhorton,time,allstar,time,champ,time,nba,team,roy,award,career,17ppg,10rpg,think,that’s,enough,sneak,
nba,get,upset,kevindurant,kyrieirving,kyrieirving,vaccine,decision,can’t,mad,somebody,making,decision,eleven,time,allstar,kevindurant,said,https,t.co,ssvyxmjf7w,
october,nba,get,upset,kevindurant,kyrieirving,vaccine,decision,can’t,mad,somebody,making,decision,eleven,time,allstar,kevindurant,said,seanhannity,foxnews,https,t.co,ssvyxmjf7w,
calli,playing,jump,king,supposed,nba,allstar,
therramirez,guapgarrett,hoodies4melo,alexhoopsyt,still,kobe,ballhog,never,get,fg,regular,season,playoffs,fuck,ng,years,nba,name,hof,got,allstar,selection,worse,fg,kobe,fg,factsonly,truthhurts,
imnothenriq,hoodies4melo,alexhoopsyt,kobe,bench,boy,first,two,years,nba,duncan,already,nba,1st,team,nba,defensive,first,team,since,rookie,kobe,selected,allstar,slam,dunk,contest,people,vote,although,lot,player,better,time,https,t.co,h1b1mdyicp,
mick727xd,lawmurraythenu,just,accept,morris,mediocre,hoping,morris,turn,allstar,ten,years,nba,like,waiting,rain,middle,summer,chance,morris,improve,forever,mediocre,
l3bronistheg0at,terrorize__,lebum,win,least,one,game,without,allstar,teammates,court,wonder,lebum,got,swept,twice,career,lebum,nba,fraud,
clutchpointsapp,mavsnationcp,dirk,won,ring,one,best,teams,nba,history,without,allstar,smacking,luka,court,even,prime,
season,nba,allstar,game,https,t.co,saer46nn2f,
c0ldbloodedkila,carmelojreal,thepackagejg,bron,allstar,teammates,include,stats,instead,just,ppg,many,nba,2nd,team,teammates,defensive,1st,team,teammates,
guy,tonight,buddy,thinks,gonna,allstar,nba,season,https,t.co,d9sd2klrbs,https,t.co,x6seb5ir3w,
joaksprofessor,kyrie,a.emeefending,superstar,already,two,time,allstar,star,mvp,kevin,love,regarded,top,player,nba,lmao,bro,casual,af,old,enough,remember,people,saying,cavs,team,better,miami,
inthelabbrand,better,nba,allstar,game,cmon,now,turn,
caroljsroth,i’ve,seen,many,events,person,olympics,super,bowl,world,series,nfl,nba,allstar,game,masters,golf,tournament,years,german,soccer,league,world,champion,pickle,ball,professional,road,cycling,lance,armstrong,others,think,deon,sanders,tops,list,
br_nba,shamscharania,anthonyvslater,early,nba,award,predictions,mvp,anthony,davis,dpy,anthony,davis,fmvp,russell,westbrook,6th,man,malik,monk,mip,talen,horton,tucker,roy,austin,reaves,coy,frank,vogel,eoy,rob,pelinka,allstar,mvp,lebron,james,sportsmanship,award,carmelo,anthony,championship,lakers,
lakersnation,early,nba,award,predictions,mvp,anthony,davis,dpy,anthony,davis,fmvp,russell,westbrook,6th,man,malik,monk,mip,talen,horton,tucker,roy,austin,reaves,coy,frank,vogel,eoy,rob,pelinka,allstar,mvp,lebron,james,sportsmanship,award,carmelo,anthony,championship,lakers,
lakersnation,early,nba,award,predictions,mvp,anthony,davis,dpy,anthony,davis,fmvp,russell,westbrook,6th,man,malik,monk,mip,talen,horton,tucker,roy,austin,reaves,coy,frank,vogel,eoy,rob,pelinka,allstar,mvp,lebron,james,sportsmanship,award,carmelo,anthony,championship,lakers,
trevor_lane,early,nba,award,predictions,mvp,anthony,davis,dpy,anthony,davis,fmvp,russell,westbrook,6th,man,malik,monk,mip,talen,horton,tucker,roy,austin,reaves,coy,frank,vogel,eoy,rob,pelinka,allstar,mvp,lebron,james,sportsmanship,award,carmelo,anthony,championship,lakers,
lakers,early,nba,award,predictions,mvp,anthony,davis,dpy,anthony,davis,fmvp,russell,westbrook,6th,man,malik,monk,mip,talen,horton,tucker,roy,austin,reaves,coy,frank,vogel,eoy,rob,pelinka,allstar,mvp,lebron,james,sportsmanship,award,carmelo,anthony,championship,lakers,
thehoopcentral,shamscharania,early,nba,award,predictions,mvp,anthony,davis,dpy,anthony,davis,fmvp,russell,westbrook,6th,man,malik,monk,mip,talen,horton,tucker,roy,austin,reaves,coy,frank,vogel,eoy,rob,pelinka,allstar,mvp,lebron,james,sportsmanship,award,carmelo,anthony,championship,lakers,
kot4q,nba,there’s,still,hope,remember,allstar,game,
ipodkingcarter,think,definitely,missed,something,thought,ikc,mycareer,player,
nba2k,definitely,xsergioxxx,
watch,boxing,often,shit,mad,entertaining,
vlglkdr,easy_the_czar,nikkashubitidze,thesteinline,believe,seen,somewhere,new,list,entirely,previous,players,get,bumped,someone,like,bill,sharman,get,bumped,kobe,dolph,shayes,lebron,lenny,wilkens,duncan,etc,
lionsnationu,nba,allstar,game,nosebleed,seats,
love,new,archive,moment,nbatopshot,playoffs,game,series,winner,buzzer,dope,nba<U+2069>,dame_lillard<U+2069>,nba,top,shot,damian,lillard,owned,nft,nftcommunity,topshot,allstar,playoffs,nba,https,t.co,
btoporek,ramonashelburne,kyleneubeck,see,honesty,lies,appreciate,forget,still,nba,team,member,time,allstar,d,u,weirdos,twist,make,soft,
nash,2x,mvp,___x,allstar,amp,nba,champion,help,get,last,year's,brooklynnets,close,becoming,conferencechamps,stars,injured,truthmatters,factsmatter,kyrie,squandering,opportunity,thousands,
charmingchards,great,fun,awhile,ago,now,lol,went,jamie,foxx,fantasia,concert,vegas,nba,allstar,week,back,showed,entire,scene,vegas,incredible,never,seen,many,ppl,one,place,acting,fool,everywhere,really,great,time,
pete,writing,story,ringer,gaye's,incredible,rendition,national,anthem,star,game,dug,pete,found,deeper,story,nba,rinky,dink,league,changed,theringer,billsimmons,allstar,nba,https,t.co,yipdilu1mc,
shwinnypooh,londonstheory,scenario,cooper,40th,percentile,pu,shooter,deuce,solid,driver,cooper,like,5x,valuable,potentially,allstar,imo,even,potentially,hinder,teams,ceiling,
bandwagonwolves,lookwhatdrewdid,definitely,allstar,caliber,
1bcole,xtragrnd,espn,lol,trea,luka,level,far,tyler,made,finals,first,year,playing,like,dog,get,wipe,others,got,get,far,deserves,conversation,allstar,potential,one,really,nba,talks,
patriottakes,first,magic,johnson,played,one,nba,game,allstar,game,announcing,aids,players,shook,playing,second,terrible,analogy,third,get,vaccinated,
stephenlindsey,three_cone,think,yr,old,rookie,hasn’t,played,single,nba,game,better,time,allstar,potential,dpoy,top,playmaker,league,nba,player,wild,
https,t.co,nba,star,kyrie,irving,gives,baffling,explanation,anti,vax,stance,ig,live,allstar,kyrie,
taylorrooks,got,ya,magic,fan,biased,remember,nba,talk,everyone,magic,bow,players,feelings,compete,came,back,olympics,allstar,game,one,last,season,
p23ace,espnnba,shows,aggression,improvment,3rd,nba,time,allstar,dpoy,candidate,
aidzilla16spoon,mvsontop,hopefullakers,made,allstar,team,year,curry,durant,drafted,4th,saying,he’s,4th,best,allstar,year,nba,embiid,explain,
aren’t,hearing,anything,commie,coaches,nba,like,van,gundy’s,popovich,amp,kerr,played,big,part,getting,kid,bathroom,remember,nba,moved,allstar,game,https,t.co,vemdq2zguq,
join,us,tomorrow,noon,thecityclub,conversation,de,amp,nba,wnba,kevinlclayton,orisstuart,amp,thebonnie2k,leading,allstar,weekend,cle,tickets,still,available,register,now,https,t.co,4gyciaen6f,https,t.co,fito8qe2xb,
phoenix,suns,star,devin,booker,starts,awarding,starting,five,initiative,class,https,t.co,hjqheqddpd,
lavern_spicer,time,nba,allstar,winner,wow,first,
alliconicsports,read,stats,championships,finale,mvps,17x,allstar,selections,nba,selections,name,fan,player,anything,close,
lavarpopovich,havlicek,top,titles,time,defense,allstar,teams,nba,finals,mvp,2nd,leading,scorer,team,history,always,covered,best,guard,small,forward,team,
steb0ne,nevapoppin,thetyjager,sure,well,said,parker,6x,allstar,4x,nba,finals,mvp,isn’t,something,ignore,either,
diorrdylan,sixerstre,thenbacentral,jakelfischer,think,it’s,dumb,trade,guys,won’t,allstars,guy,who’s,made,consecutive,allstar,teams,back,back,first,team,defense,nba,team,age,fox,playoff,team,kings,haven’t,made,playoffs,since,elementary,school,
jimmygetsws,spurs,ain’t,since,tim,left,tim,every,championship,team,spurs,bro,nba,first,team,allstar,rookie,year,gonna,goated,matter,made,spurs,
jclarknbcs,ike58reese,nbcsphilly,nbcphiladelphia,br_nba,yahoosportsnba,noahlevick,nbatv,time,heals,wounds,need,apologize,get,allstar,talents,floor,
nets,let,kyrie,irving,play,vaccinated,milwaukee,covid,restrictions,new,york,https,t.co,
clutchpointsapp,nbaontnt,_talkin_nba,itskkay,allstar,game,stays,pass,ray,allen,
nba,allstar,believe,la,seen,dwight,howard,ignore,kid,wheel,chair,asking,pic,lol,https,t.co,ovncmtz9cs,
jamieapody,sixers,6abc,espn,nba,players,aren’t,petty,want,win,know,better,chance,ben,team,trade,diff,allstar,ben,suited,makes,us,better,couch,getting,fined,
pompeyonsixers,yes,plays,double,ben’s,afraid,go,line,shooters,nba,allstar,runner,dpoy,pg,paired,best,center,league,got,need,ben,must,aggressive,work,
beyourownbeing,opinion,think,wrong,kinda,say,nba,allstar,1st,team,defender,sucks,kyrie's,legit,make,seem,everyone,else,vaccinated,state,law,participate,unless,vaxxed,
thehalestone,culture,club,needs,get,promise,dj,makes,nba,team,allstar,team,1st,say,wrong,
vlglkdr,easy_the_czar,nikkashubitidze,thesteinline,sharman,schayes,top,sure,wilkens,probably,
allstar,weekend,https,t.co,663glbkgzn,
milwaukee,bucks,yet,vaccinated,unlike,one,nba,star,healthy,players,can,participate,games,https,t.co,iblikwgque,
nets,let,kyrie,irving,play,vaccinated,milwaukee,covid,restrictions,new,york,https,t.co,75db45qjch,
phlsixersnation,think,year,old,3x,nba,allstar,2x,nba,defensive,first,time,rookie,year,just,going,play,bad,ruin,whatever,stock,left,might,dumber,thought,chris,
yvonne,story,nothing,rr,kenya,moore,nba,allstar,weekend,trust,
nba,allstar,pushed,back,week,cuz,it’s,usually,v,day,weekend,https,t.co,
youtuber,subscribers,trending,foryoupage,instadown,facebookdown,altcoins,aprayerforliquorose,emmarose,germany,ilocosneedshelp,jiminday,konka,maringph,mercy,lil,baby,x,dijoun,da,allstar,x,drake,x,nba,youngboy,type,beat,https,t.co,via,youtube,
mercy,lil,baby,x,dijoun,da,allstar,x,drake,x,nba,youngboy,type,beat,https,t.co,via,youtube,
kyrie,retires,today,hall,famer,7x,allstar,1x,2nd,team,nba,2x,3rd,team,nba,nba,rooking,year,vote,yes,https,t.co,ejhplg7onh,
adambstrassberg,craigcalcaterra,ehh,really,just,something,head,already,like,randomly,asking,someone,won,mvp,nba,allstar,game,whatever,reason,remember,iverson,
he’ll,allstar,year,https,t.co,fv66zmqwaj,
davion,mitchell,nba,allstar,year,
watching,kid,since,freshman,mp,he’ll,multiple,nba,allstar,someday,soon,https,t.co,i0tehcttjn,
assemblycall,think,sounds,normal,thought,already,th,quarter,basketball,think,it’s,embarrassing,stop,play,nba,allstar,game,couple,years,ago,interesting,4th,quarter,clock,system,sure,better,worse,
cap,i’m,nba,allstar,game,cleveland,next,year,
tiosampresti,yosefnba,i’m,asking,allstar,i’m,asking,nba,player,lol,solid,role,players,bench,pieces,something,lol,ik,drafted,mvps,done,nothing,small,markets,first,round,picks,matter,see,hard,get,role,players,
draido,disagree,season,ago,didn’t,single,allstar,let,alone,nba,roster,player,development,key,guys,take,leaps,kemba,can,tap,form,even,that’s,massive,improvement,last,season,
goon_dock_saint,stephenasmith,patrick,ewing,ayton,collins,capella,poor,allstar,todays,nba,best,ray,allen,t,mac,similar,reggie,miller,dunk,guards,shoot,well,days,quite,reggie,just,shoot,
kuyalebron,wadesburner,nba,lakers,just,jimmy,took,without,allstar,center,leading,scorer,playoffs,
ots,nba,cleveland,cavaliers,mens,allstar,dp,adjustable,hat,team,color,one,topfanscorner,ots,nba,cleveland,cavaliers,mens,allstar,dp,adjustable,nfl,football,nflfans,hurry,get,best,price,https,t.co,cxqhept2el,
scotthanson,wider,khloe,kardashian's,legs,nba,allstar,game,town,
age,lebron,led,league,vorp,3x,led,league,bpm,twice,led,minutes,twice,per,leader,4x,star,1x,allstar,mvp,4x,nba,11x,player,week,roty,top,finishes,mvp,voting,lonzo,just,league,
nba,allstar,dunk,competition,saw,deng,kuot,apa,glide,slam,home,nice,dunks,young,hoopers,got,bunnies,yourgotosource,https,t.co,snrbcdojgx,
peak_process,bleacherreport,br_nba,full,allstar,like,ballot,bro,click,link,wnba,promoting,
mikegarafolo,i’m,nba,mvp,three,time,allstar,point,guard,knicks,d,rose,
episode,featuring,special,guest,former,nbl,allstar,wayne,mcdaniel,available,tuesday,itunes,spotify,great,interview,one,nbls,prolific,scorers,well,chat,state,nba,new,nbl,team,
zepravity,josheberley,lol,got,case,strong,start,strong,contributer,chip,team,allstar,2nd,team,nba,still,got,plenty,time,rack,star,nba,def,team,nods,returns,form,year,going,forward,
i’m,nba,mvp,three,time,allstar,point,guard,knicks,d,rose,https,t.co,nx8wlrh6yz,
shaneravensfan,marcsburner,kenhelive,undisputed,chris_broussard,mj,one,teammate,ever,make,allstar,team,one,bron,played,hall,famers,anyone,nba,history,near,goes,around,hopping,city,city,building,superteams,get,fact,bron,better,teammates,
l4fckop,first,reply,yep,game,i’m,referring,obviously,embiid,best,center,league,act,like,simmons,scrub,like,isn’t,time,allstar,spg,title,nba,defense,isn’t,non,perfect,player,organization,
shit,lemme,go,wilt,poole,nba,allstar,https,t.co,
aaronlarsuel,age,lebron,reigning,quit,defense,teammates,walking,gym,game,age,jordan,reigning,mvp,finals,mvp,allstar,mvp,nba,scoring,champ,1st,team,defense,back,back,back,nba,champion,2nd,time,gtfoh,
thenbacentral,lebron,jordan,reigning,mvp,finals,mvp,allstar,mvp,scoring,champion,1st,team,nba,defense,age,
twittersports,combine,allstar,weekend,nba,vs,wnba,now,definitely,turn,things,around,
andre,proud,root,iggy,last,great,line,former,olson,players,thank,iggy,always,reppin,cats,mentioned,recently,arenas,best,uofa,accomplished,nba,allstar,alldefensive,team,time,champ,amp,finals,mvp,
itshotinnit,nbamemes,nba,allstar,bad,season,you’re,right,
bostonceltics's,allstar,guard,jaylen,brown,tested,positive,brown,currently,asymptomatic,obviously,way,celtics,wanted,start,nba,season,pic,via,celtics,https,t.co,8foa8hkpkf,https,t.co,6pjbnmtliv,
makes,heart,happy,see,thing,years,ago,world,called,bust,man,put,work,prediction,he’s,star,year,allstar,bucket,lonzo,nba,
ik,say,every,year,year,lonzo,allstar,https,t.co,38zq8jqflk,
sirajahashmi,collar,erasing,memory,nba,allstar,
nba,miamiheat,strus,getting,loose,early,year,watch,allstar,game,
nba,bro,allstar,season,callin,
bernard_dat,thehoopcentral,shamscharania,played,years,nba,yrs,old,rookie,year,x,defense,2x,nba,allstar,nba,2nd,team,ranked,top,player,nba,thats,
ta__mka,make,sure,allstar,proteins,nba,ish,
jjmaples55_mst,luck,lmao,scoring,much,luck,allstar,luck,nba,2nd,team,luck,got,team,projected,lottery,playoff,team,luck,crazy,ppl,like,u,think,
hahahaha,watched,talk,exact,shit,nba,allstar,game,mic'ed,soooo,cute,https,t.co,xpwhcoi4py,
