ebflesruoy,clippersnets,nolimitsriq,nbamemes,end,first,year,nba,magic,johnson,superstar,
haralabob,ever,slept,superstar,recent,nba,history,giannis,bucks,likely,repeat,right,especially,kyrie,debacle,
ja,morant,already,taken,leap,year,take,leap,https,t.co,fyfwyo9ebs,
ja,morant,already,taken,leap,year,take,leap,https,t.co,fyfwyo9ebs,
luke_lemdrip,xtremesensfan,smokiessports,carlocolaiacovo,don’t,like,luxury,tax,nba,way,need,star,players,championship,contender,bucks,won,giannis,rare,superstar,stayed,small,market,baseball,def,benefit,hard,cap,floor,
nyartguy,speaking,versus,method,jin,share,birthday,blue,ivy,carter's,father,two,academy,award,winners,v,share,birthday,nba,superstar,golfer,fox,news,host.i,reveal,names,personalities,later,quarter,https,t.co,msjpn3pihl,
hoyeon,jung,squid,game,star,reveals,recent,interview,vogue,korea,lately,she’s,obsessed,nba,superstar,lebron,james,just,think,he’s,league,year,unique,way,gets,paint,it’s,amazing,watch,https,t.co,qbag1kuc5i,
nba,myteam,memphis,grizzlies,superstar,https,t.co,lrlncutp9q,
nba,myteam,la,clippers,superstar,https,t.co,d0kf0zfpbc,
nba,myteam,denver,nuggets,superstar,https,t.co,obcfvazjkj,
jacobcayde,sure,wilt,quite,athlete,think,tim,duncan,may,go,underrated,superstar,nba,history,he’s,higher,wilt,kobe,list,don’t,know,worked,
lavarpopovich,superstar,word,gets,thrown,around,way,easily,nba,days,jimmy,butler’s,always,really,good,player,i’ve,never,considered,superstar,tatum,going,close,
isiahthomas,nba,best,player,always,best,series,know,just,like,isiah,bought,people's,hate,hate,isiah,beat,every,superstar,s,star,
nba,superstar,card,pack,nba,basketball,superstars,starter,kit,different,cards,comes,custom,souvenir,case,perfect,ultimate,nba,fan,3bros,click,https,t.co,ieanxbipob,review,details,
rsandns,isiahthomas,nba,instead,i’m,believer,statistical,decline,year,superstar,hof,teammate,dantley,star,teammate,laimbeer,wasn’t,coincidence,
completely,incorrect,woj,saying,true,now,true,nets,made,harden,deal,months,ago,adding,3rd,superstar,former,nba,head,coach,told,brainer,nets,just,lucky,harden,now,irving,shelf,https,t.co,dfb1hlqcgd,
birduntruster,sponhourm,i’d,say,first,second,team,nba,probably,constitutes,superstar,
theoashnfl,sponhourm,yeah,obviously,averages,point,game,true,he’d,still,superstar,era,stuff,grabbing,balls,top,backboard,already,disproven.also,handful,nba,players,much,faster,understand,
nova_nyj,hawkeyefootball,mean,it’s,argument,point,position,i’d,argue,equal,valuable,superstar,nba,player,that’s,players,qb,still,moves,lines,exponentially,anyone,else,arguing,absurdity,isn’t,50s,
sponhourm,define,superstar,he’d,make,ton,star,nba,teams,that’s,superstar,yeah,
sponhourm,wilt,superstar,literally,era,
underrated,superstar,history,nba,letitbeknown,https,t.co,o7nmyaudth,
cardpurchaser,think,nba,superstar,era,decided,wanted,fact,might,
hated,nba,superstar,ever,https,t.co,ubmnujbfcg,
nft,nba,superstar,knows,know,know,https,t.co,cki8djlczr,
smart,ape,smart,af,smart,af,like,nba,pelicans,superstar,joshhart,sweepfloor,apesareinevitable,welcommhome,apegangnft,https,t.co,ha1nppbite,
think,gets,one,disrespected,superstar,athletes,nba,years,opinion,never,question,giving,every,night,check,passionplay,showtime,documentary,must,watch,https,t.co,
nets,benched,superstar,kyrie,irving,violating,nba's,mandate,watch,cnn's,lemon,amp,cuomo,blast,perverse,sense,freedom,robsmithonline,joins,bucksexton,studio,analysis,take,either,two,idiots,say,seriously,https,t.co,p7nqwwmi3j,
nets,benched,superstar,kyrie,irving,violating,nba's,mandate,watch,cnn's,lemon,amp,cuomo,blast,perverse,sense,freedom,robsmithonline,joins,bucksexton,studio,analysis,take,either,two,idiots,say,seriously,https,t.co,4yf02xk5tq,
currypistonn,wait,let,get,straight,ad,goes,none,playoff,team,one,superstar,rebuilds,team,players,team,wanted,time,win,chip,players,nba,twitter,say,you’re,ring,chaser,smdh,
syllabicsamurai,eyeqdontmiss,5mintillzeitnot,isiahthomas,nba,reggie,would’ve,best,borderline,star,guy,top,player,alongside,superstar,top,guy,unfortunately,way,much,asked,guy,wasn’t,joe,guy,role,slightly,worse,scorer,better,passer,amp,way,better,d,
exclusive,bucks,superstar,pat,connaughton,talks,bailemg,strong,irish,roots,possibly,playing,bballirl,journey,become,nba,champion,wants,give,back,game,help,others,see,https,t.co,pem4w6376h,https,t.co,x1h3qkv95t,
amp,quot,amp,s,denzel,washington,amp,ve,never,seen,one,amp,quot,warriors,amp,superstar,stephen,curry,trolled,https,t.co,n1ajfzty4l,
adamschefter,drewjrosenhaus,adam,dealing,players,name,legendary,nba,players,imperative,note,former,bulls,superstar,feeling,ok,today,amateur,hour,stuff,
nba,superstar,owner,making,switch,nfl,age,truly,remarkable,https,t.co,
thebrowsexual,league,ad,never,playoff,run,like,one,giannis,just,he’s,better,playoff,performer,better,longevity,dog,smoking,lmao,ad,fragile,superstar,nba,
dollaignited,tgstgstgstgs,br_nba,sometimes,young,guard,needs,superstar,veteran,leadership,look,jordan,poole,man,played,behind,steph,still,improved,drastically,
isiahthomas,nba,superstar,team,
matches,song,youngthug,1future,punk,see,nov,5th,espn,nba,superstar,nba,kingjames,zionwilliamson,pelicansnba,malika_andrews,espnnba,davepasch,heydb,espnpr,cassidyhubbarth,windhorstespn,https,t.co,sub5jmlymj,
nba,superstar,allan,houston,introduces,fisll,south,orange,seton,hall,https,t.co,nba,
giannis,going,play,best,basketball,ever,seen,now,won,1st,championship,also,something,done,won,championship,without,another,superstar,going,play,free,due,less,pressure,amp,nba's,trouble,watch,
want,klay,thompson,superstar,way,player,nba,
basketball,gods,really,ruined,harry,giles,nba,superstar,career,even,turned,years,old,https,t.co,
lakers,superstar,lebron,james,heaps,massive,praise,onto,one,young,teammates,current,roste,nba,nbatopshot,https,t.co,zujkm6bfty,
lebron,james,arguably,best,nba,player,guy,never,cost,services,provides,https,t.co,lr8hknulvw,nba,nbatopshot,
one,nba,superstar,just,got,banned,unbelievable,political,protest,sports,balls,https,t.co,rbenqxyhik,
one,nba,superstar,skipped,practice,political,protest,sports,balls,https,t.co,hwddrwnflh,
person,sitting,charles,barkley,he’s,nba,superstar,he’s,time,nba,star,now,he’s,basketball,analyst,he’s,broadcaster,ncaa,basketball,games,tv,travel,https,t.co,
mixernitro,basketballreelz,isiahthomas,ballislife,nba,never,beat,kobe,legitimate,team,never,beat,tony,parker,series,either,finals,appearances,even,top,rated,teams,superstar,pg,winning,losing,measured,
boxingandweed,gonna,hold,lying,conor,first,ever,global,superstar,mma,grew,new,extreme,like,mj,nba,floyd,impact,boxing,boxing,conor,changed,mma,forever,like,mj,basketball,
lebum,leespn,lemickeymouse,ledisney,leabc,superstar,insult,real,hard,working,players,stars,guy,can’t,win,like,normal,nba,stars,needs,several,superstars,win,https,t.co,
arpitrage,pqblair,kentonmoney,just,like,nba,superstar,era,
fire,sticks,gaming,welcomes,nfl,superstar,fsg,family,https,t.co,xoqdvifuaj,tee,gaming,time,cincinnati,bengals,playing,games,like,gta,rp,nba,2k,amp,madden,also,content,creator,fsg,well,streamer,fsg,https,t.co,
one,nba,superstar,just,got,banned,unbelievable,political,protest,https,t.co,6fr4xkfhav,via,sports,balls,
one,nba,superstar,skipped,practice,political,protest,https,t.co,cibsschfwe,via,sports,balls,
nba,superstar,lebron,james,purchased,stake,liverpool,fc.since,liverpool,won,trophies,notably,premier,league,champions,league,lebron's,stake,now,estimated,worth,52m,investment,6.5m,increasing,af,
nyknicks,super,awesome,likable,superstar,ny,nba,team,
continue,miss,point,ben,speak,ability,amp,size,amp,talent,amp,you’re,way,that’s,moot,he’s,got,value,team,team,he’s,superstar,can,traded,another,he’s,got,mental,issues,proof,https,t.co,9itsgctkxa,
nba,superstar,kyrie,irving's,refusal,vaccinated,cost,million,https,t.co,xrbtfcc83j,conservative,
nba,season,preview,ja,morant,become,memphis,grizzlies,first,superstar,fansided,nba,https,t.co,arocsu8win,
ben,simmons,wants,treated,like,superstar,long,sixers,gave,way,cbsspo,https,t.co,lzlp7bmabq,
hakeem,olajuwon,slept,nba,superstar,https,t.co,vc5n99ldqb,
cloudraptwink,professional,groupie,occasional,nba,superstar,
kids,club,film,morning,space,jam,new,legacy,nba,superstar,lebron,james,teams,bugs,bunny,rest,looney,tunes,long,awaited,sequel,children,accompanid,adults,tickets,https,t.co,cl6r7jxrtl,https,t.co,c1vx977mkm,
acclamation,michael,jordan,greatest,basketball,player,time,theniclex,article,jordan,single,handedly,redefined,nba,superstar,https,t.co,fwasy7jaeb,
joaksprofessor,kyrie,a.emeefending,superstar,already,two,time,allstar,star,mvp,kevin,love,regarded,top,player,nba,lmao,bro,casual,af,old,enough,remember,people,saying,cavs,team,better,miami,
nba,season,superstar,season,
hakeem,disrespected,superstar,time,great,nba,history,https,t.co,8tavxmjnmy,
kendrarandle_,batman,jr,superstar,amp,robin,rj,lead,knicks,promised,land,nba,championship,rings,go,knicks,
hamastariq_,nbastatguy_,dude,played,former,nba,champions,roty,three,point,shooting,champions,olympic,gold,medalists,stars,six,man,year,1st,overall,draft,picks,superstar,nba,history,keep,lebron,help,loses,going,
nba,officialnbarefs,steph,hardly,ever,gets,superstar,calls,getting,beat,
everybody,wants,win,trade,rarely,ever,happens,nba,shit,almost,always,turns,even,unless,superstar,involved,https,t.co,d5dvowkpzc,
dragonsquatch,realskipbayless,undisputed,lebron,bosh,came,suddenly,nba,thing,miami,celebrities,hoopla,whoever,needs,superstar,gets,one,whatever,market,want,grow,becomes,inexplicably,fortunate,
zotolavine,splashbybean,diggonotdiego,kot4q,nba,regular,season,vs,playoffs,plaued,games,injury,comparable,star,superstar,bro,
teastnba,question,team,going,compete,nba,path,getting,back,nba,finals,nailing,trade,bottoming,drafting,superstar,signing,superstar,complement,current,group,getting,lucky,mid,round,pick,
one,nba,superstar,just,got,banned,unbelievable,political,protest,sports,balls,hope,mr,irving,wherewithal,stand,medical,fascists,https,t.co,yn16owpnsz,
jamesgunn,adidasoriginals,adidas,groot,need,line,sneakers,though,j,k,wassup,exactly,nba,superstar,size,maybe,lol,
say,publicly,putting,unnecessary,pressure,sophomore,slump,hope,herro,amazing,tho,make,eastern,conf,playoffs,even,interesting,hehe,https,t.co,xens3thfrm,
dystopianmarvel,skysportsnews,nba,superstar,need,worry,money,earned,cancelled,contract,vaccine,avg,joe,either,vaccine,lose,job,
chicago,bulls,edge,utah,jazz,finals,following,season,jazz,go,repeat,nba,finals,appearance,knocking,rockets,spurs,sweeping,lakers,superstar,shaquille,o'neal,young,kobe,bryant,https,t.co,znghpq3xyb,
wholelottanerdz,think,people,realize,steph,superstar,since,nba,since,
nt,buying,narrative,lol,know,ur,signing,decide,pursue,nba,players,thrive,reach,superstar,lvl,plenty,fail,fall,short,shot,generational,wealth,u,might,fulfill,ur,potential,choice,improve,https,t.co,ygfrfr59zx,
kid,used,dream,nba,superstar,bc,wanted,moments,like,https,t.co,vrp06em9qx,
reason,getting,posterized,surprisingly,large,number,archive,moments,nbatopshot,austinkent,agree,since,he’s,self,deprecating,nba,superstar,ever,
thaweasle,agree,live,way,beyond,means,understand,least,paid,superstar,ever,seen,look,nba,player,whining,money,
right,time,algs,kick,tomorrow,sick,chatting,nba,bucks,superstar,graysonjallen,love,competitive,apex,amp,respect,streamers,like,nicewigg,genburten,imperialhal,etc,also,got,pov,esports,compared,pro,ball,https,t.co,57o2mdvq6r,
kickgamerungame,kendrickperkins,one,superstar,nba,title,team,dropped,game,clinching,game,nothing,ai,entire,career,touches,giannis,playoff,run,last,year,giannis,provides,defense,worlds,better,anything,ai,end,
reader,know,much,money,takes,reach,entitled,just,know,get,guys,like,make,happy,mother,used,say,less,need,richer,https,t.co,kopgg10inp,via,azcentral,
nba,superstar,vaccine,skeptic,kyrie,irving,charles,barkley,https,t.co,kopgg10inp,via,azcentral,
honestjbfan,wardellplswin,never,said,plus,2010s,players,bag,like,nba,today,u,get,away,like,giannis,basically,runs,dunks,superstar,
hard,ppl,understand,kyries,vaccination,status,story,he’s,superstar,arguably,best,team,nba,arguably,best,player,world,teammate,amp,another,top,player,world,biggest,media,market,world,
scottie,barnes,playoff,ready,way,get,bucket,https,t.co,9cilnfnuju,bet,scottie,barnes,superstar,raptors,nba,
highkey_mars,nahano__,drareg__,philly_dame,say,duncan,better,help,kobe,point,shaq,better,duncan's,help,relevant,superstar,help,always,bigger,advantage,depth,nba,atlanta,10ppg,scorers,favored,big,nets,obv,
i’m,nba,twitter,superstar,leader,i’m,just,hendo,https,t.co,
opinion,columnist,ejmontini,nba,superstar,vaccine,skeptic,kyrie,irving,charles,barkley,https,t.co,
breaking,nba,superstar,drops,vaccine,bomb,changes,everything,https,t.co,enqsghuxks,
say,wanted,use,voice,platform,yet,multiple,opportunities,duck,away,disappear,just,sake,voice,questionable,best,even,platform,nba,superstar,make,difference,
kyrie,irving’s,reason,refusing,get,vaccinated,remains,unclear,one,report,athletic,claims,nba,superstar,wants,voice,voiceless,motive,baffled,sports,radio,host,rich,eisen,voiceless,brooklynnets,https,t.co,fbqcjdcd9p,https,t.co,wkyqipor3o,
weeks,speculation,surrounding,kyrie,irving,decision,remain,unvaccinated,covid,nba,superstar,finally,offered,words,wednesday,night,despite,speaking,minutes,irving,offered,little,clarity,https,t.co,jrnxwx586l,https,t.co,cmyswnwcgz,
naismith,memorial,basketball,hall,fame,announced,newly,developed,high,school,event,partnership,nike,nba,superstar,time,finals,champion,lebron,james,chosen,s,invitational,take,place,december,4th,staples,center,
expected,lebron,lakers,nba's,demand,squad,team,ranks,just,behind,la,resides,nyc,superstar,stacked,brooklyn,nets,upstart,knicks,whose,recent,success,reinvigorated,fanbase,https,t.co,lue7uplixu,
futurenba0wner,longevity,curry,great,awhile,now,kd,got,first,1st,team,nba,like,years,ago,amp,top,player,every,year,since,curry,stayed,extra,years,college,amp,took,another,years,becoming,superstar,nba,
johnson,seeing,fauci,speak,new,epidemic,reflecting,hiv,crisis,80s,sobering,racial,disparities,american,healthcare,stark,https,t.co,ggmtjai45e,
kyrie,irving,victim,freedom,fighter,vaccines,https,t.co,ujbgeumoav,
mvp,giannis,antetokounmpo’s,journey,nba,unique,celebration,bucks,season,opener,next,week,author,mirinfader,talks,improbable,rise,evolution,humble,superstar,https,t.co,22eug6l3aw,
dailyknicksfs,completely,agree,especially,trying,follow,actual,good,year,need,find,tom,brady,second,round,nba,draftees,worth,give,established,superstar,take,us,next,level,
stankycrossover,dragonflyjonez,superstar,subjective,phrase,argue,raptors,bucks,superstar,siakam,middleton,top,nba,players,think,less,true,superstars,league,
shaquille,o'neal,exception,years,ago,another,budding,superstar,warrant,inclusion,ahead,time,next,week's,list,greatest,players,yahoosports,yahoofantasynba,nba,https,t.co,nshshanuxs,
superstar,kyrie,irving,james,harden,probably,almost,enough,brooklyn,nets,https,t.co,vt9gnysrst,https,t.co,xb2rzcxmcy,
__atteentive,retro_superstar,wrldjer,see,im,also,accepting,nba,bets,
lookwhatdrewdid,it’s,definitely,solid,supporting,cast,just,don,t,know,next,move,comes,superstar,fa,dead,it’s,gotta,come,trade,assuming,demar,lonzo,matching,salary,idk,else,send,make,competitive,offer,
3rd,highest,superstar,potential,class,
kyrie,irving,chose,unvaccinated,fine,stopped,instead,trying,play,role,victim,freedom,fighter,https,t.co,
july,giannis,antetokounmpo,led,bucks,nba,championship,preparation,next,week’s,season,opener,here’s,look,back,interview,author,mirinfader,humble,superstar’s,rise,nba,mvp,https,t.co,x2aujrqiwx,
can1p3tyourd0g,theathletic,shamscharania,can,say,even,nba,superstar,200m,aint,something,sane,person,just,giving,
karltowns,macmiller,kat,nba,superstar,everyone,wanted,he’s,nba,superstar,everyone,needed,now,said,orange,blue,sound,knickstape,orangeandblueskies,
swall0wmypride,nba,superstar,matthew,lillard,https,t.co,nb0yenhgbl,
tomorrow's,kids,club,space,jam,new,legacy,nba,superstar,lebron,james,teams,bugs,bunny,rest,looney,tunes,long,awaited,sequel,gt,https,t.co,udufh6vwsr,https,t.co,eqrwgo8olv,
it’s,always,money,it’s,choosing,what’s,best,https,t.co,8eps4jadmz,
know,consequences,means,i’m,judged,demonized,that’s,just,https,t.co,zpgutdejxa,
luka,doncic,season,dallas,mavericks,superstar,point,guard,takes,nba,nba,news,https,t.co,rxpure3ceq,
tpopoca,cuz,that’s,can,run,ain’t,taking,advice,guy,said,superstar,nba,finals,always,opening,idiotic,mouth,dont,like,things,go,way,say,don’t,know,shit,i’m,idiot,always,hating,
dejikokun,lakersreporter,know,nba,superstar,lost,confidence,game,oblivious,able,pick,body,language,
ndotpinnock,dejikokun,lakersreporter,wish,knew,dumb,sound,rn,think,nba,superstar,confidence,game,missed,bunch,shots,usually,makes,preseason,
maxxmilien,mannn,i’ll,never,understand,dude,ad,prideful,like,dude,teammates,arguably,durable,superstar,nba,history,answers,training,body,like,he’s,prime,yr,working,
thenbacentral,best,greatest,superstar,named,kevin,nba,history,easily,
russdinero,chrisechols,nba,also,russ,taking,play,worse,anyone,lebron,superstar,ad,young,star,deandre,washed,center,reaves,rookie,ran,faster,russ,one,athletic,guard,whats,excuse,
nba,superstar,gets,call,sorry,mlb,version,gabe,morales,scott,foster,mlb,version,meets,
lukekennardstan,chrisechols,nba,every,superstar,conserve,energy,u,luke,kennard,stan,u,dont,know,
thesportstyle,around,ten,years,ago,kobe,bryant,god,rest,soul,called,referee,fa,t,middle,game,afterwards,received,100k,later,appealed,reprimanded,punished,nba,situations,like,simply,superstar,privilege,
andyedisontacb,joncoopertweets,yes,debating,athletic,prowess,greatest,boxer,time,superstar,point,guard,nba,schooled,reading,comprehension,pretty,impressive,
it’s,impossible,win,nba,championship,aren’t,playing,another,superstar,super,team,
detoxonious,nba,playoffs,nba,superstar,kawhi,leonard,top,defender,
category,heat’s,tyler,herro,makes,outrageous,claim,mavs,superstar,luka,doncic,raf_tyler<U+2069>,bucketherro<U+2069>,gtfo,cant,touch,luka’s,jock,strap,head,way,big,game,realistic,ballboyherro,https,t.co,t77lwhkcyv,
dimedropperpod,havlicek,greatest,lunch,bucket,guy,nba,history,made,superstar,just,relentless,
shaneravensfan,mikekorz,imans,iconic,putback,dunk,garden,one,first,memories,watching,nba,think,pretty,young,remember,thinking,superstar,knicks,team,fun,watch,
bucks,lovable,nba,superstar,even,close,can,support,man,https,t.co,6kb3q9foeb,
theflipperjones,ok,hes,rich,nba,superstar,care,
mysterytakesx,kakejatz,bknetstweets,nypost_lewis,nba,gms,well,aware,nets,weigh,teams,can,offer,cents,dollar,talent,wise,superstar,unreliable,gamble,pays,strike,big,year,
category,heat’s,tyler,herro,makes,outrageous,claim,mavs,superstar,luka,doncic,https,t.co,ruofo8susr,brah,really,luca,doubles,output,dreaming,
kendrickperkins,thehoopcentral,part,called,liar,goofy,script,reader,course,media,gonna,pick,something,ordinary,especially,you’re,superstar,nba,y’all,spitting,bullshit,whole,time,say,something,
bens_head_space,cedceballos,theforum,nba,lakers,one,fav,non,superstar,lakers,time,
don’t,know,basketball,said,nba,superstar,got,outplayed,bench,player,mavs,jason,terry,nothing,facts,https,t.co,csobngpibh,
nba_newyork,boutta,go,china,superstar,
here’s,nba,superstar,allan,houston,brought,faith,integrity,sacrifice,leadership,amp,legacy,project,setonhall,week,continue,success,foundation’s,nationwide,mentoring,program,newark,nba,setonhall,https,t.co,cg6okrh6pn,
nobody,forcing,nothing,nba,superstar,judged,decision,deal,https,t.co,
korean,jung,squid,game,star,reveals,recent,interview,vogue,korea,lately,she’s,obsessed,nba,superstar,russell,westbrook,just,think,he’s,something,world,needs,right,now,whenever,watch,play,mood,changes,better,https,t.co,p28gb7kvac,
adele,lost,bunch,weight,great,news,fat,community,you’ve,gained,superstar,nba,player,zion,sad,pop,star,vs,electric,athlete,spanish,centers,footwork,know,one,i’d,choose,
zionsdoordasher,quick,find,one,time,someone,fo,spoken,nba,superstar,star,also,didn’t,get,opportunity,speak,didn’t,zion,just,aggressively,ask,media,ask,want,know,
scottdkushner,yes,exhausted,none,ability,talk,zion,can’t,recall,single,nba,superstar,made,quiet,fight,power,scott,
still,keep,touch,fmr,nba,houston,rockets,teammates,kenny,smith,amp,hakeem,olajuwon,long,think,brooklyn,nets,superstar,kyrie,irving,decide,miss,nba,games,season,due,agreeing,getting,covid,vaccine,
jimmytraina,jimmy,long,think,brooklyn,nets,nba,superstar,kyrie,irving,miss,playing,games,upcoming,season,due,wanting,get,covid,vaccine,mandate,nba,
dqnets,garysheffieldjr,teammates,los,angeles,lakers,embraced,go,support,returned,play,first,part,olympics,dream,team,another,stint,lakers,https,t.co,yprcuehmxu,
superstar,ad,he’s,teaming,solid,players,superstars,you’re,acting,like,westbrook,came,mvp,season,surprised,warriors,fans,knowledge,nba,https,t.co,bc7xymrv6i,
joytaylortalks,kyrieirving,michael,porter,jr,got,max,nba,superstar,players,load,managing,running,teams,rosters,like,lebron,nfl,elite,qbs,power,
eddemask,realjaywilliams,wasn’t,nba,superstar,many,voiceless,people,kyrie,fighting,don’t,luxury,taking,sweet,time,determine,going,get,vaccinated,get,fired,can’t,afford,miss,paycheck,
luka,doncic,season,dallas,mavericks,superstar,point,guard,takes,nba,nba,news,https,t.co,xqrgivld4f,
luka,doncic,season,dallas,mavericks,superstar,point,guard,takes,nba,nba,news,https,t.co,lxodefr6zz,
luka,doncic,season,dallas,mavericks,superstar,point,guard,takes,nba,nba,news,https,t.co,myfv6px7ox,
lmao,kyrie,odd,ball,he’s,literal,nba,superstar,thinks,can,play,high,contact,sport,without,vaccinated,everyone,just,wants,go,already,completely,unvaccinated,amp,reason,new,variants,like,please,pay,attention,https,t.co,tw7mgj9gcz,
kyrie,isn’t,superstar,even,targeting,new,york,mandate,nba,kyrie,traded,ben,simmons,
jaywilliams,violated,nba,contract,riding,motorcycle,offseason,2nd,overall,pick,bulls,amp,going,nba,superstar,famously,screamed,threw,away,aftermath,accident,
last,season,game,analysis,sports,betting,came,consensus,kyrie,irving,volatile,nba,superstar,bet,lebron,close,second,lose,every,game,supposed,win,
gamewithingame,complexsports,broader,point,kyrie,superstar,probably,released,just,hurting,team,selfish,imo,kyrie,irving,flat,earth,comments,sorry,https,t.co,vfuf6ilmrq,https,t.co,t25ci6oqcz,
category,heat’s,tyler,herro,makes,outrageous,claim,dallas,mavs,superstar,luka,doncic,sports,illustrated,dallas,mavericks,news,analysis,https,t.co,4xkz2owa1n,
don’t,need,another,herro,category,heat’s,tyler,herro,makes,outrageous,claim,mavs,superstar,lukadoncic,https,t.co,pqrsexr0qx,https,t.co,fcokdgt8zx,
cities,nba,require,vaccine,nyc,one,plays,oh,superstar,
hakeem,olajuwon,man,presumably,seen,unequivocal,top,nba,player,time,continues,overlooked,superstar,ever,fourth,ballot,https,t.co,5vadhog7yv,
apple,tv,released,official,trailer,original,drama,series,swagger,inspired,life,nba,superstar,kevin,durant,watch,trailer,https,t.co,swagger,appletv,kevindurant,tv,https,t.co,39jqzygvhx,
apple,tv,released,official,trailer,original,drama,series,swagger,inspired,life,nba,superstar,kevin,durant,watch,trailer,https,t.co,hlz0vuj5ee,swagger,appletv,kevindurant,tv,https,t.co,zpyqw1x2lx,
bradyklopfernba,conviction,appears,center,attention,deep,wise,personality,times,multi,millionaire,nba,superstar,just,cut,
apple,tv,debut,swagger,new,drama,inspired,nba,superstar's,kevin,durant's,experiences,october,https,t.co,auszsgzncj,https,t.co,g7vc7y7bfw,
dapper,labs,dapperlabs,signed,two,year,deal,nba,superstar,kevin,durant,curate,create,nba,top,shot,moments,amp,video,content,flow,https,t.co,trefhknncf,https,t.co,qveuvvy7jw,
wilt,chamberlain,nba,superstar,lifelong,bachelor,claimed,sex,women,wonder,dad,wesn't,getting,
nba,superstar,banned,team,vaccination,status,https,t.co,
official,trailer,swagger,drama,series,inspired,childhood,nba,superstar,kevindurant,episode,series,premiere,appletv,october,episodes,followed,new,episode,friday,thereafter,https,t.co,lkdgjveglv,
realskipbayless,undisputed,gain,loss,just,ol,kyrie,kyrie,surprises,least,now,spoken,media,can,leave,let,nets,handle,know,superstar,nba,superstar,driven,league,generates,interest,think,can,left,alone,now,
wonderland,miami,conference,roger,mcintyre,former,nba,superstar,lamarodomreborn,amp,zappyzapolin,joining,ketamine,treatment,goes,mainstream,panel,proactive_na,https,t.co,bzhm0v3amv,
highly,anticipated,sports,drama,series,swagger,inspired,nba,superstar’s,kevindurant’s,experiences,world,youth,basketball,starring,o’shea,jackson,jr,isaiah,hill,swagger,premieres,october,appletv,https,t.co,sdnaablp3r,
apple,tv,released,trailer,swagger,upcoming,episode,series,inspired,life,nba,superstar,kevin,durant,https,t.co,
ontopic,noneyabznessson,groove_sdc,controversial,he’s,nba,superstar,entire,team,vaccinated,ready,compete,championship,he’s,nobody,like,wouldn’t,controversial,he’d,refuse,vaccine,find,job,somewhere,don’t,require,
watch,now,nba,superstar,kyrie,irving,weighs,controversy,surrounding,decision,remain,unvaccinated,essence,https,t.co,rxdm4u9caz,
pelicans,odds,making,nba,finals,well,good,morning,new,orleans’s,strong,projection,similarly,driven,superstar,zion,williamson,strong,depth,six,rotation,players,rating,positives,https,t.co,wbmeffbhwx,
week,vacation,avid,traveler,nba,superstar,magicjohnson,says,yes,every,year,lots,great,travel,food,books,advice,forbes,https,t.co,jwgznnijgn,foodie,vacation,italy,greece,sports,book,
superstar,kyrie,signed,nba,signed,media,
wadaswrld,nba,superstar,sadly,
just,freedom,want,nba,superstar,kyrie,irving's,stance,covid,vaccination,branded,flat,stupid,https,t.co,6wq0mx36qk,
crischarliepaul,jonrichard,way,almost,share,name,nba,superstar,lmaooooo,
i’m,sorry,y’all,kyrie,big,trippin,forfeits,per,home,game,misses,season,mans,free,vaccine,throwing,away,opportunity,championship,solidify,legacy,nba,superstar,kyrieirving,culture,pls,bro,
lies_garbage,abc,he’s,nba,superstar,millions,followers,https,t.co,r6ok31iaci,
libsaretyrants,nytimes,hahahhaha,bro,trolling,really,trying,make,seem,like,you’re,stupid,every,superstar,history,nba,needed,another,superstar,win,championship,barely,exceptions,superstar,doesn’t,make,someone,star,
imagine,multi,millionaire,nba,superstar,dad,signing,minor,league,club,age,even,though,didn’t,earn,instead,pushing,pursue,education,good,parenting,https,t.co,
nba,vaccination,rate,weeks,ago,shit,looks,worse,kyrie,every,time,number,goes,especially,he’s,lone,superstar,player,refuse,get,vaccinated,
former,nba,superstar,gifts,ifako,oworo,youths,world,class,basketball,court,photos,video,https,t.co,5bxkj80sas,
nba,superstar,retire,people,forcing,take,vaccine,boy,world,eh,
superstar,like,nba,
unlarbie,point,exactly,westbrook,legit,star,even,nba,player,meaning,kd,never,done,without,co,superstar,
melobraids,enthusiastlaker,thenbacentral,marcjspears,mitchell,absolutely,made,nba,never,got,injured,likely,2nd,1st,team,tatum,played,nearly,full,season,couldn’t,even,make,3rd,team,almost,every,superstar,player,missed,significant,time,
mrawesomexyz,papeinsilence,dubbedfights,legendofwinning,sarcastic,idiot,teams,led,superstar,era,take,wade,kobe,dwight,duncan,dirk,kobe,arenas,melo,etc,teams,bad,cavs,magic,still,recovering,dwight,left,
mrawesomexyz,papeinsilence,dubbedfights,legendofwinning,however,take,ads,team,bring,2000s,team,pretty,good,lebron,bad,team,standards,back,superstar,enough,get,done,now,it’s,almost,impossible,win,stars,teaming,barring,unlucky,injuries,
rileydafoo,quiros_walter,alliconicsports,lakeshowyo,oladipo,derozan,bruh,stacked,ass,teams,course,can,bring,deficits,d,wade,bosh,love,kyrie,ad,times,east,playing,teams,without,even,superstar,lebron,respected,og,cleveland,
mrawesomexyz,papeinsilence,dubbedfights,legendofwinning,lebron,taking,finals,impressive,believe,people,cant,d,wade,dwight,howard,way,lebron,taking,team,finals,it’s,superteam,era,now,giniboli,6th,man,bro,parker,never,superstar,
melobraids,enthusiastlaker,thenbacentral,marcjspears,appreciate,mitchell,looking,stats,watch,go,wow,guy,incredible,seen,tatum,outplay,kd,harden,game,playoffs,tatum,really,good,future,superstar,way,can,look,conclude,jt,better,
blackxbreakman,sportscenter,little,education,nba,superstar,owns,public,school,son,sound,like,hater,
realskipbayless,think,reality,since,kyrie,irving,smart,put,forth,views,tonight,people,really,attack,now,find,reasons,like,nba,move,nba,superstar,driven,league,find,home,
kids,club,week,spacejammovie,new,legacy,featuring,nba,superstar,lebron,james,tickets,just,familycinema,https,t.co,ufi8lmwbwx,https,t.co,kfr7sa3t0p,
detroitpistons,desperately,hope,cadecunningham,superstar,searching,long,climb,back,contender,nbatwitter,nba,https,t.co,kmsxgzp2mz,
stephon,marbury,comment,kyrie,irving,instagram,live,covid,vaccine,mandates,goes,viral,kyrie,irving,inspiring,millions,people,including,former,nba,superstar,stephon,marbury,https,t.co,e5dcnuxdgn,kyrieirving,iglive,stephonmarbury,
damanr,agree,also,realize,kyrie,superstar,top,ish,nba,player,limelight,always,nets,even,said,they’re,moving,without,wants,join,can,vaccinated,
darrenrovell,personally,can’t,stand,kyrie,stuff,spews,respect,fact,stand,decisions,isn’t,bench,warmer,current,nba,superstar,willing,go,mat,rights,it’s,impressive,regardless,views,
kyrie,regular,person,respect,decision,get,vaccine,even,though,disagree,nba,superstar,sacrificing,money,chance,ring,career,legacy,get,vaccine,blows,mind,
rexchapman,maybe,one,nba,players,superstar,remains,unvaccinated,entire,league,
recentsportnews,hotnews,hotsports,newsbreak,sportbreak,brittney,griner,threw,dunk,wnba,finals,nba,stars,sitting,courtside,lost,minds,foot,mercury,superstar,scored,phoenix’s,first,points,game,led,https,t.co,
kyrie,complaining,people,talking,mf,you’re,nba,superstar,prime,might,play,refusing,get,vaccine,course,people,gonna,talk,putting,words,mouth,different,story,
dallasmavs,dominant,ends,tonight,win,charlotte,opponents,pretty,scary,considering,superstar,luka,doncic,scored,points,one,point,mavs,led,points,nba,mavs,https,t.co,dpc95hw0pv,
brooklyn,nets,superstar,kyrie,irving,says,advocate,either,side,sides,instagram,live,also,says,retiring,political,thing,nba,nbatwitter,https,t.co,huajxd5pcw,
brooklyn,nets,superstar,kyrie,irving,says,going,used,person,agenda,urges,people,best,regarding,vaccinemandate,declares,love,game,amp,urges,people,come,together,instagram,live,nbatwitter,nba,https,t.co,
andreacarlton,zaknoble,considering,probalby,nba,career,isnt,big,superstar,year,hear,absolutely,nothing,just,ex,nba,player,moved,life,hear,nothing,
he’s,played,scored,points,nba,finals,games,combined,tho,im,saying,he’s,superstar,like,guys,play,role,ball,doubt,
level,gaslighting,scales,fully,support,kyrieirving,vax,mandates,tyrannical,government,overreach,https,t.co,tq7zysh6zn,
kyrie,superstar,nba,player,sum,nuts,gay,shyt,bruh,standing,shyt,moving,forward,
nah,cause,imagine,active,nba,superstar,interview,today’s,time,https,t.co,
lakerfanatics,slamonline,dream,overlooked,nba,superstar,imo,olajuwon,real,deal,prime,show,love,
honored,working,nba,superstar,upcoming,album,queens,
masai,spotted,motherland,commissioning,basketball,courts,youths,future,nba,franchise,players,superstar,going,nigeria,naija,de,carry,last,https,t.co,waxt8dvkhp,
aboveavervgeaid,ppl,expectations,lack,success,im,getting,he’s,standing,hill,past,yrs,ppls,perception,greatness,success,anything,tainted,opinion,simply,making,nba,success,superstar,even,ring,
empire,strikes,shaq,wwe,superstar,john,cena,4x,nba,champion,shaquille,o'neal,engage,sportsrush,https,t.co,2tpskjxd6p,
candace_parker’s,role,chicagosky,reminds,kevingarnett5kg’s,role,celtics,know,shouldn’t,compare,parker,parker,superstar,right,one,ways,life,long,nba,fan,becomes,wnba,fan,
tylerburz,dubsfortrey,goldenpotions,clutchpointsapp,warriornationcp,money23green,thetraeyoung,egregious,foul,baiter,y'all,delusional,admit,often,average,player,part,superstar,point,nba,
kidwayflyer,one,mad,we’re,talking,nba,superstar,
mean,come,get,rid,wannabe,nba,superstar,easy,vote,survivor,
funny,watching,nba,game,listening,broadcasters,go,new,rules,since,nuggets,fan,shit,called,nuggets,years,total,idiot,think,new,rules,apply,lakers,anyone,considered,superstar,
nba,superstar,kyrieirving,wants,debate,taking,vaccine,kyrie,believes,earth's,flat,hmmmm,debate's,
kyrie,really,got,punished,asking,questions,wanting,real,answers,let,certain,superstar,player,wearing,purple,amp,gold,instead,think,nba,would’ve,acted,manner,found,type,loophole,get,play,https,t.co,fpteaxiuig,
normally,look,superstar,nba,players,appreciation,awe,skills,talent,luka,just,get,mad,like,i’m,salieri,
just,kyrieirving,nba,superstar,role,model,comes,evidently,total,douche,getting,vaccinated,even,losing,credibility,marketability,forfeiting,380k,per,game,sitting,per,game,
realskipbayless,undisputed,it’s,mandate,just,he’s,nba,superstar,kyrie,irving,doesn’t,exempt,
gijarinad,maxiemoollious,ball,court,nba,superstar,https,t.co,hdv2txnmbl,
kyrie,dumbest,superstar,nba,ever,seen,
klutch,brainwashed,anthony,davis,kyrie,irving,toxic,superstar,duo,nba,history,
definitely,solid,nba,player,don’t,see,superstar,upside,
kyrie,got,part,time,job,nba,superstar,lmao,that’s,fire,
nba,superstar,kerrie,irving,play,nets,refusing,vaccinated,supported,noted,civil,right,activists,ted,cruz,son,moron,chief,might,want,check,standing,rock,mother,comes,https,t.co,g9adz4hegd,
ja,morant,bound,superstardom,https,t.co,
ben,simmons,wants,treated,like,superstar,long,sixers,gave,way,bradbotkincbs,philly,sixers,simmons,https,t.co,njzwmfq3ol,
complexsports,kyrie,giving,voice,lost,jobs,dude,vaccine,mandates,knows,full,well,won’t,lose,job,nba,superstar,protest,
one,fun,big,face,jimmybutler,created,brand,nba,bubble,charging,teammates,per,cup,coffee,now,turned,full,merchandise,business,guess,start,brand,superstar,athlete,can,charge,anything,want,anythingspossible,
jayson,tatum,reveals,next,step,superstar,journey,boston,celtics,nba,https,t.co,2ctdscdzet,
mind,wearing,suit,gets,old,pretty,quick,matthews,says,think,it'd,fun,wear,different,things,able,express,similar,nba,even,nfl,little,bit,https,t.co,mlwvanjzbm,
funnily,enough,careers,contrast,really,nicely,fvv,undrafted,expectations,ben,time,superstar,expectations,one,shoots,much,scared,shoot,ones,midget,nba,standards,one,foot,ideal,nba,body,
nba,superstar,banned,team,vaccination,status,https,t.co,hmzhozi4wf,
nets,make,tough,call,vaccine,games,kyrie,https,t.co,nqf5ps69qz,
reggiee__,mcunninghamajc,thenbacentral,snynets,norm,superstar,divas,can’t,deal,media,don’t,win,damn,thing,nets,big,also,big,nba’s,spin,league,head,cases,acting,like,you’re,friend,another,outside,observer,like,everyone,else,
defines,nba,superstar,https,t.co,6oqgecmt7t,via,youtube,
sturgeonstories,v3rciustv,ckaligary,knightg_lol,azaelofficial,thank,like,imagine,nba,team,superstar,nba,player,came,players,small,community,nba,team,worst,league,
gangwavesmokio,bryce,might,sleeper,real,shit,superstar,nba,player,kids,good,league,
kyrie,erving,basketball,superstar,plays,brooklynnets,cross,bear,ball,chain,franchise,one,worth,much,pain,suffer,nbapreseason,nba,
man,best,point,shooting,team,actual,slam,dunk,champion,budding,superstar,team,league,starters,returning,crack,top,lowe,ranking,top,fun,nba,teams,watch,season,https,t.co,8j5b0risal,
sly_sii,nbamemes,milwaukee,bucks,superstar,big,matter,fact,giannis,antentokumpo,attempted,free,throws,win,nba,finals,man,show,teammates,make,shots,
ben,simmons,wants,treated,like,superstar,long,sixers,gave,way,https,t.co,6ajbnr0yzd,
nba,superstar,kyrie,irving’s,refusal,vaccinated,cost,million,https,t.co,lo1fxhajpb,
casual,talk,nba,player,superstar,agrees,saying,
evanrobertswfan,7boomeresiason,craig,jealous,nets,superstar,ever,want,play,sorry,team,time,nba,player,wants,go,msg,embarrass,knicks,
nba,superstar,kyrie,irving,kyrieirving,banned,playing,practicing,nets,gets,vaccinated,give,continue,stand,ground,dhookstead,brings,great,points,one,revolves,around,lot,money,https,t.co,
lebron,james,weighs,squid,game,ending,captured,hot,mic,following,meeting,media,tuesday,nba,superstar,chatted,fellow,los,angeles,lakers,star,anthony,davis,series,https,t.co,copg22t3rt,
nba,superstar,banned,team,vaccination,status,https,t.co,zmtdby086a,
phillyeth,nbatopshot,dapperlabs,blkoutln,partnership,superstar,nba,win,amp,richkleiman,miss,often,ever,now,sit,back,wait,amp,see,comes,
kobe,bryant,locked,prime,dwyane,wade,kobe,played,full,court,defense,heat,superstar,sportsrush,https,t.co,qfpyv0hp1f,
kobe,bryant,locked,prime,dwyane,wade,kobe,played,full,court,defense,heat,superstar,sportsrush,https,t.co,pwwbq9cy9m,
interesting,hear,mainstream,sports,analysts,give,condescending,take,nba,superstar,kyrieirving,suspended,team,gets,jabbed,touch,called,conspiracy,theories,vxn,irving,addressed,https,t.co,
apple,ceo,tim,cook,longtime,microsoft,head,la,clippers,owner,steve,ballmer,nba,superstar,now,utah,jazz,part,owner,dwyane,wade,jazz,majority,owner,ryan,smith,many,others,mix,day,event,kicking,salt,palace,https,t.co,ddctnncksi,
lavern_spicer,https,t.co,bj9mpfgy6j,fix,ignorance,read,something,
realbadcar,lockedonheat,jeremytache,agree,tyler,probably,won’t,good,wade,wade,top,time,nba,player,comparing,anybody,wade,isn’t,legit,superstar,favors,
mgiannotto,coaches,don’t,like,penny,nba,superstar,
nba,superstar,kyrie,irving's,refusal,vaccinated,cost,million,https,t.co,hiez35ystv,pajamasmedia,https,t.co,rkueufrpyv,
basketball,legend,pau,gasol,retires,playing,career,catalan,superstar,calls,time,profession,boasting,nba,championships,six,nba,stars,three,liga,acb,titles,https,t.co,ovztpjcb8k,
nba,superstar,kyrie,irving's,refusal,vaccinated,cost,million,https,t.co,krzidzmg4r,
nba,season,preview,ja,morant,become,memphis,grizzlies,first,superstar,https,t.co,sports,feedly,
ben,simmons,wants,treated,like,superstar,long,sixers,gave,way,https,t.co,7gnuf0cxek,sports,feedly,
one,forced,row,freedoms,erupts,nba,superstar,irving,ruled,team,vaccine,choice,https,t.co,8kkuo3mmqw,
nba,season,preview,ja,morant,become,memphis,grizzlies,first,superstar,https,t.co,jjgs8ybqnz,
can,get,behind,predictions,none,bold,imo,obtainable,outside,maybe,nba,honors,just,due,superstar,bias,players,https,t.co,5bblazssce,
blackxbreakman,sportscenter,can,said,every,nba,superstar,
sugaseanmma,hey,man,heard,talk,fighter,pay,compared,athletes,compare,superstar,athletes,bench,player,nba,make,shit,second,third,string,players,nfl,playing,shit,compared,star,athletes,
joniimaru,dubsgiannisluka,clutchpointsapp,money23green,thetraeyoung,constantly,lol,every,superstar,nba,
stephen,curry,walks,game,one,pair,headphones,ayesha,curry,revealed,sportsrush,https,t.co,slk2sfn9dj,https,t.co,ojykiudrmr,
lebron,james,joins,fellow,nba,superstar,stephen,curry,investor,fitness,brand,essentiallysports,https,t.co,oqd8kqsb9b,https,t.co,
nba,superstar,putting,ring,chance,scottie,barnes,hands,https,t.co,
flexible,wings,can,shoot,3s,defend,multiple,positions,may,well,worth,much,extra,top,end,superstar,nba,gms,surveyed,think,nets,lakers,win,championship,kylepicknell,makes,case,strength,depth,rosters,superteams,
lebron,james,joins,fellow,nba,superstar,stephen,curry,investor,fitness,brand,https,t.co,n3haldr91b,
today’s,installment,well,escalated,quickly,mercurial,nba,superstar,kyrie,irving,went,brooklyn,nets,head,coach,steve,nash,awkwardly,attempt,explain,seven,time,star’s,absence,sunday,https,t.co,
dapperlabs,signed,two,year,deal,nba,superstar,kevin,durant,it’s,probably,nothing,
dapperlabs,signed,two,year,deal,nba,superstar,kevin,durant,curate,create,nba,top,shot,moments,video,content,elitanjourno,https,t.co,ppwaggoqyp,
boardroom,media,network,co,owned,nba,superstar,kevin,durant,manager,rich,kleiman,linking,blockchain,platform,dapper,labs,part,partnership,dapper,labs,nft,marketplace,basketball,nba,top,shot,featured,https,t.co,cj8tcgoxni,https,t.co,kvsjkb0g2w,
nba,global,reach,consistently,engaged,fans,cultural,significance,superstar,forced,overwhelming,title,favorite,consequence,vaccine,non,compliance,face,league,crushed,respecting,other's,non,compliance,https,t.co,ynw3bicwxc,
nba,teams,biggest,weakness,west_,lakers,spacing,warriors,utah,big,man,depth,denver,health,wolves,depth,pelicans,playoffs,blazers,defense,mavs,coach,rockets,youth,okc,youth,suns,superstar,sas,franchise,player,lac,kawhi,grizzlies,health,jjj,kings,existing,
nba,teams,biggest,weakness,east,boston,playmaking,76ers,ben,drama,bucks,wing,depth,hawks,expectations,knicks,superstar,bulls,defense,hornets,youth,cavs,fit,heat,depth,magic,youth,wizards,fit,toronto,franchise,player,detroit,youth,pacers,health,nets,vaccines,
becoming_bryna,one,underrated,coaches,nba,history,doesn’t,get,nearly,credit,deserves,managing,superstar,personalities,winning,two,titles,people,skills,exactly,current,nba,owners,looking,
nba,superstar,kyrie,irving,benched,indefinitely,refusing,get,covid,vaccine,https,t.co,db6bjjjcgk,
nba,superstar,previously,considered,playing,road,games,possibly,avoid,new,york,mandate,requiring,professional,athletes,vaccinated,https,t.co,via,huffpostsports,
grumpsupreme,can’t,stand,ben,simmons,just,like,everyone,else,philly,best,defender,nba,set,unprecedented,records,age,including,limited,3x,star,nba,defensive,1st,team,that’s,superstar,don’t,know,
wiperwraps,nba,sixers,can’t,stand,ben,simmons,just,like,everyone,else,philly,best,defender,nba,set,unprecedented,records,age,including,limited,3x,star,nba,defensive,1st,team,that’s,superstar,don’t,know,
thenbacentral,holy,taken,context,said,one,day,hopes,future,star,superstar,like,players,stop,hating,one,hardest,workers,nba,
lebron,james,chalk,toss,lakers,superstar,begin,pre,game,chalk,toss,ritual,sportsrush,https,t.co,uaeuffsbfx,
absolute,right,take,bensimmons,https,t.co,f9pnebgezh,
officially,unveiled,nba,superstar,lamelo,ball,s,melod1p,first,puma,signature,basketball,shoe,mb,pumahoops,https,t.co,
nba,red,flag,new,management,philly,fans,blue,collar,work,hard,win,nobody,outside,city,can,never,talk,players,without,fight,sixers,quote,lisa,https,t.co,gq5eunnivh,
tyler,herro,says,one,day,he’ll,nba,star,superstar,along,already,proven,young,talent,nba,names,gotta,love,confidence,https,t.co,gtpvzzlvuy,
warriors,going,problem,absolutely,love,way,youngsters,playing,dubs,played,starter,bench,players,outplayed,lakers,superstar,lineup,dubs,got,dub,now,lakeshow,drop,goldenstate,dubnation,nba,
jalenaustinn,deric_nic,real,problem,fact,y'all,holding,kyrie,lesser,standard,superstar,nba,justify,hof,akl,know,thats,right,hold,standards,everyone,else,cant,win,
westbrook,makes,sense,first,game,looked,like,didn’t,belong,nba,game,he’s,better,needs,end,last,season,playing,like,borderline,superstar,
https,t.co,news,update,brooklyn,nets,say,kyrie,irving,won’t,play,can,full,time,nba,superstar,previously,considered,playing,road,games,possibly,avoid,new,york,mandate,requiring,professional,athletes,vaccinat,
https,t.co,news,update,brooklyn,nets,say,kyrie,irving,won’t,play,can,full,time,nba,superstar,previously,considered,playing,road,games,possibly,avoid,new,york,mandate,requiring,professional,athletes,vaccinat,
realbrysongray,statistically,zero,percent,chance,nba,player,dying,due,vaccine,vaccine,risk,healthy,superstar,dumb,part,can,force,violence,isnf,forced,either,
nba,superstar,play,home,games,season,refuses,vaccinated,thehill,hill,https,t.co,gqqhxgfuns,
never,read,full,articles,bradbotkincbs,thumb,tutner,https,t.co,pybjfbeone,
thecoachkyle,cloakzy,nickmercs,niorooch,timthetatman,honestly,average,guys,put,games,day,least,it’s,like,shooting,hoops,court,nba,superstar,can,play,basketball,don’t,come,close,skill,
candace,owens,urges,nba,superstar,kyrie,irving's,teammates,stand,covid,vaccine,refusal,ban,https,t.co,
spot,heretheycome,sixers,philly,https,t.co,
one,forced,row,freedoms,erupts,nba,superstar,irving,ruled,team,vaccine,choice,https,t.co,sulhsn7qam,good,one,forced,join,covidvaccine,human,lemming,experiment,
nba,tv,really,topic,asking,trae,young,take,another,step,forward,superstar,nba,already,superstar,else,nigga,gotta,superstar,yet,luka,lmao,okay,
therealbigverse,kyrieirving,candace,lol,trying,get,can,nba,superstar,go,kingjames,
lakers,nba,superstar,lebron,james,spotted,liverpool,tracksuit,nike,hq,lfc,transfer,room,https,t.co,fm9xdvzdpu,https,t.co,9baz6ewgfv,
kawhi,disrespected,nba,superstar,
espn,media,treat,like,superstar,nba,never,
yet,rudy,seed,couldn’t,make,second,round,never,past,second,round,nba,teams,maybe,competition,competition,stiff,ray,isn’t,superstar,neither,rudy,right,
hot,take,subscribe,channel,solid,content,nba,easy,lamelo,ball,charlotte,hornets,superstar,https,t.co,v1eeog19fg,
nba,easy,lamelo,ball,charlotte,hornets,superstar,https,t.co,v1eeog19fg,lameloball,hornets,
clappedjean,imagine,greats,pulling,shit,name,superstar,nba,history,straight,play,cuz,fuckin,vaccine,
bullsgotnext,sorry,i’d,rather,nba,superstar,terrance,mann,team,
saying,impossible,respiratory,disease,pass,competition,believe,nba,never,superstar,tested,positive,asymptotic,play,
i’d,actually,agree,tbh,playoffs,gotta,account,something,harden,might,worst,superstar,playoffs,nba,maybe,even,sports,history,exaggeration,lol,https,t.co,on5hvssp5j,
dragonflyjonez,can,think,two,teams,modern,nba,history,won,championship,superstar,less,mavs,pistons,every,championship,champions,co,stars,
36westbrook,maybe,just,good,superstar,notion,just,gonna,get,wants,even,today's,nba,little,
lakers,nba,superstar,lebron,james,spotted,liverpool,tracksuit,nike,hq,lfc,transfer,room,https,t.co,flcjlmbx5a,
<U+0001D470><U+0001D474><U+0001D468><U+0001D46E><U+0001D46C><U+0001D47A>,lebron,james,spotted,wearing,liverpool,fc,full,track,suit,good,see,lfc,minority,owner,proudly,show,love,club,https,t.co,lxrl3nqnyn,
pretty,cool,never,nba,superstar,therealjrsmith,going,college,playing,golf,cool,
cuteassnigga,thehoopcentral,shamscharania,strong,believer,got,drafted,thought,going,star,possibly,superstar,he’s,failed,show,flashes,even,good,hooper,nba,sucks,cuz,liked,
transferox,celticssentinel,fear,league,different,priorities,may,care,finals,ratings,example,know,superstar,shoot,outs,bring,casual,fans,either,way,certain,current,nba,product,intentional,amp,driven,specific,financial,considerations,
nba,superstar,kyrie,irving,play,practice,brooklyn,nets,refused,demands,get,vaccinated,real,courage,novaccinemandates,
outsiders,bensimmons,situation,wanna,act,like,know,wtf,you’re,talking,read,article,it’s,perfectly,stated,every,way,https,t.co,
liberty_ballers,yeah,want,come,fringe,nba,player,real,superstar,becomes,available,can,trade,doofy,wide,open,dunk,passing,ass,
thefrankisola,scalabrine,rickkamlasports,best,summary,can,read,situation,https,t.co,xisrpmmmbv,
bucks,proved,last,year,need,superteam,win,nba,championship,era,one,superstar,stars,amp,solid,supporting,players,good,enough,embiid,tobias,harris,harrison,barnes,danny,green,shake,milton,finals,worthy,starting,dmorey,
puma,unveils,lamelo,ball’s,first,signature,sneaker,mb,puma,officially,unveiled,nba,superstar,rookie,year,lamelo,ball’s,first,signature,sneaker,mb,mb,marks,puma,hoops,first,signature,shoe,release,since,https,t.co,ivucbxnjjd,
nba,superstar,banned,team,vaccination,status,https,t.co,ptoa8itohz,
great,piece,bradbotkincbs<U+2069>,spot,cbssports,nba<U+2069>,sixers<U+2069>,ben,simmons,wants,treated,like,superstar,long,sixers,gave,way,https,t.co,wcszr8pacc,
johnnygoodberry,sam_vecenie,guy,n,mobley,can,superstar,build,around,hardest,piece,get,nba,pg,need,wing,see,path,competitive,year,w,o,trade,wrong,amp,sets,draft,
piece,ben,simmons,accurate,can,never,see,he’s,problem,last,playoffs,he’ll,never,next,lebron,https,t.co,9wgueis7eg,
time,simmons,nba,peers,spoke,awe,unique,size,skill,unmasking,sorts,harsh,truth,exposed,https,t.co,dyvf8yllgm,
brooklynnets<U+2069>,kiwi,gm,sean,marks,telling,aussie,superstar,yeahnah,fella,vax,play,millions,brooklyn,nets,say,kyrie,irving,play,practice,eligible,local,covid,rules,womp,womp,https,t.co,estuidk9pk,
giannis,doubt,nba,got,way,much,love,luka,cs,he’s,already,superstar,level,player,young,age,
nbahistory,nba,celtics,yeah,anyone,doesn’t,want,admit,superstar,today’s,era,dropping,night,era,either,years,old,b,years,old,
friday,liquid,lounge,nba,superstar,lebron,james,night,ladies,drink,free,
hey,guys,welcome,tgif,like,start,night,right,nba,superstar,lebron,james,
dirtypo1o,zero,first,team,nba,awards,superstar,slightest,bozo,
one,forced,row,freedoms,erupts,nba,superstar,irving,ruled,team,vaccine,choice,https,t.co,igff9y3y1j,
one,forced,row,freedoms,erupts,nba,superstar,irving,ruled,team,vaccine,choice,https,t.co,1ixewcmfva,
breaking,nba,superstar,banned,team,vaccine,https,t.co,fqwfkpykrd,
tim_nba,the_bball_index,year,may,looking,superstar,trend,keeps,
triplemwassup,byronisback,well,tried,sucking,straight,years,got,us,every,years,every,nba,player,fa,can,promise,one,superstar,gonna,come,especially,randle,knicks,prove,last,year,wasn’t,fluke,young,core,continues,get,better,
effizzzyy,superstar,
brooklyn,nets,say,kyrie,irving,won’t,play,can,full,time,nba,superstar,previously,considered,playing,road,games,possibly,avoid,new,york,mandate,requirin,https,t.co,tihjqqog1a,https,t.co,kyhemw7ozn,
uk’s,greatest,basketball,player,luol,deng,nba,rookie,first,team,twice,star,legend,chicago,bulls,modern,day,superstar,british,sport,brits,won’t,heard,bhm,https,t.co,xpocq1npvr,
i’ve,literally,saying,years,ya’ll,need,ask,winning,lotto,numbers,tonight,lol,gt,ben,simmons,wants,treated,like,superstar,long,sixers,gave,way,https,t.co,dfxhk5uvwh,
sunnnytv,rtnba,even,nba,roster,spots,nepotism,like,world,giannis,brothers,get,roster,spot,brother,superstar,every,job,world,know,someone,
one,forced,row,freedoms,erupts,nba,superstar,irving,ruled,team,vaccine,choice,https,t.co,8ltzbdximl,
pray,say,dem,go,release,youngboy,nba,chale,nigger,got,lot,progress,offer,music,industry,proper,superstar,
needed,new,portlandtrailblazers,head,coach,chaunceybillups,provided,evidence,damianlillard,different,breed,nba,superstar,https,t.co,
breaking,nba,superstar,banned,team,vaccine,https,t.co,ctyjjh5ron,
folks,just,like,nba,got,porve,superstar,every,night,less,see,garland,get,game,ball,
yeah,it’s,easy,say,nba,best,best,superstars,find,ways,win,success,don,superstar,he’ll,crack,code,
nba,superstar,banned,team,vaccination,status,https,t.co,xfklbqftvv,
thenflchick,i’m,huge,nba,fan,trust,kyrie,superstar,league,he’s,one,best,pg’s,we’ve,ever,seen,since,leaving,cleveland,kyrie,attitude,willingness,play,flakey,best,
natural_onedurr,argument,kyrie,superstar,city,nba,team,one,players,general,public,nba,fans,go,oh,town,go,see,ain't,mitchell,simmons,ja,kyrie,gona,go,see,
nba,superstar,kyrie,irving,benched,indefinitely,refusing,get,vaccine,https,t.co,s0agtneuem,
boardroom,utahjazz,shamscharania,dwyanewade,g,league,seems,become,norm,superstar,athletes,choosing,follow,ncaa,route,good,nba,providing,alternative,restrictive,nature,ncaa,system,profiting,athletes,free,free,tuition,justification,gone,long,
tyler,herro,believes,belongs,conversations,alongside,luka,doncic,trae,young,ja,morant,https,t.co,
hate,can’t,take,daughter,zoo,everyone,wants,talk,basketball,take,photo,daughter,i’m,just,dad,doesn’t,know,different,jimmy,butler's,newfound,perspective,stardom,dad,https,t.co,swbtdcpyvv,
nba,superstar,previously,considered,playing,road,games,possibly,avoid,new,york,mandate,requiring,professional,athletes,vaccinated,https,t.co,mnleurkbgx,via,huffpostsports,kyrie,fine,got,plenty,money,
halliebethlane,star,sure,superstar,eyes,nba,think,level,lebron,steph,kd,
many,players,consider,superstar,nba,
thenflchick,xhollywoodcourt,comes,measure,superstars,talent,popularity,kyrie,sure,superstar,popularity,wise,like,reeta,said,barely,keeps,w,nba,hip,him.and,kids,love,kyrie,talent,wise,superstar,tier,tho,handful,guys,
herecomesbigk,goatsznlebron,udontwatchball,dragonflyjonez,another,casual,bronsexual,educate,shaq,nba,star,mo,big,z,antawn,mention,solid,players,team,real,superstar,trash,easily,win,year,unfortunately,just,6ronze,
suggest,kyrie,isn’t,superstar,he’s,involved,just,every,major,nba,event,past,half,decade,insanity,
don’t,know,much,credit,nets,deserve,open,ridiculous,notion,part,time,player,know,telling,superstar,caliber,nba,player,easy,helluva,lot,organizations,https,t.co,namyegnxyx,
great,point,feel,like,criteria,superstar,include,visibility,outside,nba,onhere,say,four,doubt,superstars,nba,trae,close,5th,playoff,coming,party,summer,https,t.co,zluxxfdmjw,
kyrie,definitely,superstar,grading,scale,signature,shoe,nba,performer,time,shot,credit,ring,superstar,https,t.co,xwypzt2foo,
thenflchick,people,subjective,views,just,like,makes,great,qb,imo,nba,superstar,player,can,best,player,championship,contender,others,may,feel,differently,
casual,nba,watcher,consider,kyrie,superstar,people,define,superstar,though,subjective,
breaking,nba,superstar,banned,team,vaccine,https,t.co,mvnk1iy51a,
michaeldoran_,sportscenter,china,cares,way,country,let,nba,superstar,play,
nba,star,nba,superstar,different,
people,watch,lot,nba,can’t,tell,superstar,you’re,familiar,names,elite,players,it’s,like,thought,everyone,knew,trae,ja,figured,wasn’t,true,last,year,introduction,public,
i’ve,asking,roster,update,service,long,time,give,us,something,similar,nba,2k,constant,likeness,attire,new,superstar,updates,huge,https,t.co,0oxwzpvvrr,
b_morerob,whatever,u,say,lol,brandon,roy,nba,superstar,guess,
ben,simmons,fan,s,read,https,t.co,cuj6ksiiby,
1973salvador,baseball,market,driven,bigger,markets,major,advantages,nba,superstar,driven,need,legit,star,win,nfl,far,parity,truly,whose,run,better,small,market,success,mlb,vs,nba,amp,nfl,miniscule,
ahhhhh,now,nba,teams,make,superstar,congrats,julius,fucking,randle,
lmao,y’all,saying,gotta,first,team,nba,superstar,turn,around,say,it’s,like,superstars,it’s,first,team,spots,lmaoooo,
pascal,siakam,nba,nobody,fucking,earth,calling,superstar,
i’m,crying,cause,jp,said,gotta,first,team,nba,superstar,brought,harden,first,team,nba,boy,back,pedal,deion,proud,lmaoooo,
nba,superstar,deandre,jordan,nba,superstar,marc,gasol,nba,superstar,joakim,noah,https,t.co,kix0ryp3sb,
nba,reality,tv,people,personalities,nothing,superstar,game,speaks,
i’m,mandate,you’re,multimillionaire,nba,superstar,team,needs,kyrie’s,known,head,case,one,year,left,already,james,harden,don’t,get,shot,kd,gonna,get,sick,dude,clown,show,
hope,kyrie,doesn’t,budge,nba,ruining,superstar’s,career,personal,medicinal,decision,hope,stands,ground,nba,can,realize,they’re,
i’m,fucking,sick,kyrie,irving,gtfo,league,you’re,gonna,new,issue,every,fucking,year,he’s,far,becoming,disliked,nba,superstar,
nba,superstar,previously,considered,playing,road,games,possibly,avoid,new,york,mandate,requiring,professional,athletes,vaccinated,https,t.co,ouarxo8bsh,
crazy,son,nba,superstar,cuz,man,ass,https,t.co,nipyh5gkqm,
nba,teams,especially,first,isn’t,true,barometer,reggie,miller,carried,entire,region,back,he’s,superstar,
nba,world,reacts,breaking,kyrie,irving,news,https,t.co,a6c5eadu6m,kyrieirving,already,superstar,sight,people,love,reparations,now,seperation,forever,
simmons,expects,establish,worthy,leader,team,let,alone,good,team,better,get,back,training,camp,sooner,rather,later,money,right,thing,frankly,game,needs,work,https,t.co,fz24ipwn3x,
video,way,james,harden,aren’t,getting,calls,anymore,twitter,reacts,nets,superstar,tries,draw,foul,nba,jamesharden,https,t.co,wu4lx3hjgj,
nba,superstar,previously,considered,playing,road,games,possibly,avoid,new,york,mandate,requiring,professional,athletes,vaccinated,https,t.co,
nba,superstar,previously,considered,playing,road,games,possibly,avoid,new,york,mandate,requiring,professional,athletes,vaccinated,https,t.co,t8hh3pxtbx,
nba,superstar,previously,considered,playing,road,games,possibly,avoid,new,york,mandate,requiring,professional,athletes,vaccinated,https,t.co,
nba,superstar,previously,considered,playing,road,games,possibly,avoid,new,york,mandate,requiring,professional,athletes,vaccinated,https,t.co,rbjtr1tz2h,
bout,time,act,like,role,model,ex,superstar,https,t.co,k2iebupmwk,
breaking,nba,superstar,banned,team,vaccine,https,t.co,lplub6wbzn,https,t.co,zwlzshu91c,
breaking,nba,superstar,banned,team,vaccine,https,t.co,3svgnvnkgb,https,t.co,ulzrsvzydc,
trendon,watford,becomes,nba,superstar,https,t.co,oyc5yws8wk,
kyrie,easily,rated,nba,superstar,last,decade,now,he’s,retired,
juiceleroy,therealdubg,nba,fault,bad,headline,gassed,players,fully,vaccinated,now,news,cause,one,superstar,anti,vas,just,said,players,must,vaccinated,weeks,ago,smh,
fabulous,hit,nail,head,article,bradbotkincbs,sixers,https,t.co,v7t2xmilti,
kyrie,living,life,imagine,part,time,nba,superstar,lol,
kyrieirving,file,righteous,indignation,make,lots,money,become,international,superstar,make,nike,offer,shoes,reasonable,price,win,nba,ring,refuse,take,shot,protect,teammates,silly,sword,fall,ki,https,t.co,eqshydte5d,
757savemoney,kyle,every,superstar,star,it’s,smart,refs,gonna,call,averaging,cause,he’s,playing,best,scorer,nba,kyrie,irving,barely,beat,barely,lost,buccs,it’s,football,it’s,plays,
sums,simmons,debacle,pretty,pretty,well,https,t.co,5gbyiyaztx,
bangoburner,worldwidewob,kawhi,nba,mean,he’s,superstar,
i’m,still,firm,believer,kpj,superstar,potential,it’s,obvious,watch,play,tools,great,like,young,player,needs,time,grow,game,learn,run,nba,offense,ight,
thegoatwiseman,breaking,nba,superstar,james,wiseman,stated,recent,interview,best,account,twitter,thegoatwiseman,hands,later,quoted,saying,likeable,troll,sources,tell,espn,
time,nike,weighed,nba,superstar,kyrie,irving's,vaccine,hesitancy,https,t.co,eip0u4g5wh,
ben,simmons,wants,treated,like,superstar,long,sixers,gave,way,https,t.co,yprl4ll37x,
nba,news,nba,superstar,play,home,games,season,refuses,vaccinated,thehill,hill,news,https,t.co,syixszpgfe,
nba,news,nba,superstar,play,home,games,season,refuses,vaccinated,thehill,hill,https,t.co,byb808oclp,
getnickwright,plus,beasley,washed,receiver,wrong,side,one,cares,kyrie,nba,superstar,course,he’s,open,criticism,kyrie,bonehead,getting,called,flat,earth,bullshit,lashing,media,much,drama,
ebomb_nba,turning,future,superstar,bench,player,bc,max,pg,gunner,involve,ppl,offense,certainly,choice,like,benching,kevin,love,
timbontemps,wojespn,truest,best,article,ever,written,princess,simmons,https,t.co,nw4pzymfve,
theathletic,shamscharania,truest,best,article,ever,written,princess,simmons,https,t.co,nw4pzymfve,
jclarknbcs,nbcsphilly,wojespn,nbcphiladelphia,truest,best,article,ever,written,princess,simmons,https,t.co,nw4pzymfve,
easy_tweeting,1250amthefan,ramieistweeting,audacy,sure,baseball,team,impact,player,like,giannis,nba,superstar,
nba_dogg,papeinsilence,dubbedfights,legendofwinning,enough,help,win,title,superstar,hof’ers,team,gutter,dweller,lebron,gutter,dweller,lebron,player,taken,team,far,
video,nba,superstar,faces,consequences,rejecting,vaccine,gets,mocked,espn,https,t.co,via,realdennislynch,
barstoolsports,yeah,sucks,nobody,wants,absurd,contract,he’s,superstar,he’s,average,nba,played,clutch,factor,phillys,asking,price,like,they’re,trading,lebron,prime,it’s,absolute,joke,
nba,superstar,play,home,games,season,refuses,vaccinated,thehill,hill,https,t.co,xjrdlvu2sz,
chris,webber,nba's,forgotten,superstar,https,t.co,rgn6ng0rtn,via,youtube,
laclippers,clippers,senior,citizens,roaster,still,vacation,trade,senior,citizens,let,young,core,take,franchise,treat,senior,citizens,players,nba,superstar,replace,injured,preseason,game,
thenbacentral,_talkin_nba,harden,least,watchable,superstar,man,can,take,many,leg,dribbles,drive,stepback,
now,available,wall,order,https,t.co,oogi8o5sqn,joel,embiid,superstar,philadelphia,76ers,nba,basketball,poster,trends,https,t.co,cdxoayfmzl,
now,available,wall,order,https,t.co,6ir1yyj9tw,chris,paul,sun,valley,superstar,phoenix,suns,nba,basketball,poster,trends,https,t.co,aosqr06lbr,
worst,take,world,hahahahaha,wouldn’t,take,million,nba,superstar,ya,nba,superstars,toughest,life,couldn’t,pay,ya,guinness,world,record,horrible,take,hats,https,t.co,b3j7qgccui,
nike,weighed,nba,superstar,kyrie,irving's,vaccine,hesitancy,https,t.co,g1zvr2vfwi,
nike,weighed,nba,superstar,kyrie,irving's,vaccine,hesitancy,https,t.co,cccq2phpkg,
nike,weighed,nba,superstar,kyrie,irving's,vaccine,hesitancy,https,t.co,fux1ctl4zr,
ben,simmons,wants,treated,like,superstar,long,sixers,gave,way,https,t.co,lhiheol4wy,
nba,superstar,steph,curry,joined,digital,asset,boom,approximately,purchase,ethereum,based,non,fungible,token,bored,yacht,club,check,blog,learn,nfts,create,https,t.co,rjqky9m36a,hoshaymi,digitalart,https,t.co,rj8g35rjkp,
prevdiesel,they’re,superstar,guys,they’ll,positively,contribute,nba,teams,superstar,bit,stretch,
ben,simmons,wants,treated,like,superstar,long,sixers,gave,way,bradbotkincbs,https,t.co,gnb4n3iaee,https,t.co,cylj80fpfs,
cities,allow,bring,unvaccinated,butt,infect,players,https,t.co,bdetjjg2uz,
nba,superstar,play,home,games,season,refuses,vaccinated,https,t.co,
philadelphia,76ers,superstar,joel,embiid,comes,ranked,3rd,best,big,man,nba,https,t.co,zmdfeoxjdb,
philadelphia,76ers,superstar,joel,embiid,comes,ranked,3rd,best,big,man,nba,https,t.co,35jtydr7df,
philadelphia,76ers,superstar,joel,embiid,comes,ranked,3rd,best,big,man,nba,https,t.co,oj4dtjuoxp,
suzyymarie_,kot4q,future,nba,superstar,
russell,westbrook,unnecessary,overhated,superstar,nba,far,next,level,pathetic,https,t.co,maolx4idig,
middlfingazup,spcohn,wojespn,ben,simmons,acting,like,superstar,clearly,one,one,nba,views,simmons,superstar,
player,empowerment,nba,rather,superstar,empowerment,https,t.co,md7uplz0zr,
bear_sinequanon,statmuse,hated,player,nba,supposedly,everything,like,superstar,youll,hear,teammates,absolutely,love,amp,theyll,ignore,you’ll,hear,he’s,incredible,court,theyll,ignore,amazing,eoy,itll,ignored,
superstar,ranveer,singh,named,brand,ambassador,india,national,basketball,association,nba,https,t.co,iz1hgr3sgi,
roscoesmr,vishkumaran,hater,objective,hes,damn,good,qb,cant,throwing,elite,around,lightly,thing,people,proclaim,every,really,good,player,nba,superstar,clear,line,stars,superstars,kyler,star,wins,ring,
next,superstar,nba,remember,day,tweet,https,t.co,7pzligyyuf,
lockedonclips,hartenstein,enigma,pretty,simple,hartenstein,hypothetical,jokic,level,player,getting,sent,g,league,instead,given,nba,playing,time,averaging,shooting,preseason,right,now,superstar,
yetimoose,lockedonclips,question,hartenstein,confirmed,superstar,next,jokic,bill,walton,tons,nba,stats,prove,just,ask,question,get,playing,time,
rach_cparkerbby,that’s,crazy,future,nba,superstar,markennen,cooked,yesterday,https,t.co,n6iulf52uv,
weakest,move,superstar,nba,https,t.co,
lakers,serious,trouble,pre,season,matters,witnessing,end,lebron,elite,perennial,top,nba,superstar,now,lebron,lost,step,athletically,never,polished,shooting,game,like,kobe,jordan,now,teams,zone,defense,us,https,t.co,t5yogbwkvf,
theherd,obviously,much,simpler,nfl,teamsto,fail,acquire,superstar,qb,actually,build,great,team,driven,lazy,dumbed,football,bed,nfl,amp,nba,explains,lack,mlb,coverage,lip,service,dodgers,expected,
blamesdolan_,statenykpod,bkn_says,every,team,loses,lebron,kdu,harden,immediately,goes,tear,rebuild,mode,era,nba,superstar,shown,solidarity,signing,knicks,superstar,anything,trade,get,superstar,hope,
i’m,anti,vaxxer,kyrie,irving,doesn’t,want,get,vaccinated,don’t,force,upon,idc,he’s,nba,superstar,doesn’t,wanna,get,vaxxed,let,stop,forcing,someone,else,respect,people’s,decisions,
dan_alper,fanmahome,thenbacentral,that’s,even,mention,olynyk,etc,danny,better,hit,rate,gm,nba,history,basically,goalposts,different,every,single,one,expected,superstar,drafting,late,teens,20s,
sloanimperative,traded,khris,one,consequential,yr,fa,signings,recent,nba,history,brook,lopez,one,last,days,free,agency,summer,many,things,can,go,wrong,superstar,one,two,good,moves,can,cover,everything,
nba,season,tips,next,tuesday,strike,philly,gets,superstar,
nba,star,chris,paul,teams,parker,paige,media,produce,playdate,family,competition,format,https,t.co,gzel15fpqv,
nba,player,cooking,star,wife,headed,divorce,https,t.co,
kevindurfraud,clappedfranky,hoodieskeenasz,gurulakers,yea,duncan,possibly,humble,unable,make,excuses,superstar,nba,history,pretty,much,opposite,laker,star,history,
year,since,anthony,davis,let,winning,first,nba,title,quite,moment,lakers,superstar,https,t.co,854pymcz7o,
see,kyrie,got,ok,practice,didn’t,nba,drop,order,players,must,doubled,vaccinated,staff,please,correct,i’m,wrong,another,classic,example,he’s,superstar,pro,athlete,gets,pass,average,person,gets,punched,gut,
mrfitim,joeybaggodonutz,ghostfau,sportscenter,bruh,nba,fans,fans,wanna,see,kyrie,play,conspiracy,bs,dont,wanna,play,nba,still,make,money,superstar,players,
nba,star,shaquille,o'neal,launch,nft,collection,ethernity,chain,purchasing,first,two,nfts,recently,nba,superstar,now,decided,launch,collection,nfts,ethernity,chain,https,t.co,
cuteassnigga,quintssential,statmuse,scores,points,game,scores,assist,y’all,wayyy,much,excuses,nba,players,professionals,reason,superstar,captain,mean,lead,team,
king,james,reaches,100m,club,followers,nba,nfl,mlb,combined,every,post,instagram,foot,superstar,earns,whopping,lebron,managed,use,platform,influence,millions,fans,around,globe,
apparently,lost,superstar,nba,beluba,badgeplug,https,t.co,k6laicyywx,
ohhyou_stank,necessarily,don’t,need,3rd,superstar,tbh,kd,alone,took,nba,champions,james,harden,healthy,win,chip,
knickskaiszn,hot,take,kawhi,least,stanned,superstar,nba,dejounte,murray,noteworthy,stans,
falls,outside,top,pg,sg,end,season,signs,year,250m,extension,bk,now,league,average,starter,still,wants,play,like,superstar,clearly,declining,tmac,iverson,melo,route,trade,buyout,nba,https,t.co,ve1u4ydygb,
mrawesomexyz,nba_dogg,papeinsilence,legendofwinning,let,add,context,run,1st,rd,best,player,wizards,antwan,jamison,32ppg,outplayed,lebron,27ppg,2nd,rd,best,player,nets,33yr,old,j,kidd,3rd,rd,ben,wallace,injured,finals,finally,plays,superstar,good,team,gets,swept,
ja,really,nba,superstar,baller,life,love,see,work,ethic,match,
sarahfritzwritr,apparently,rachmaninoff,nba,superstar,wanna,like,sergei,
fields,gonna,get,nba,superstar,calls,bears,set,score,pts,getting,freebie,first,downs,
we’re,making,big,enough,deal,wild,nba,superstar,going,play,away,games,season,https,t.co,l47erkhfhr,
z_strick,classyspeaks,ok,ask,need,get,nba,hall,fame,play,like,years,win,ring,make,star,team,weird,use,higher,standard,league,klay,1st,ballot,hofer,superstar,game,
luljugg,markkusenpena,fadeawaylebron,considered,superstar,3x,star,2x,defensive,first,team,1x,nba,third,team,roy,lead,league,steals,i’d,say,superstar,accolades,
little,piece,tghsports,supermax,changed,free,agency,nba,superstars,go,check,nbatwitter,https,t.co,
nba_dogg,dubbedfights,legendofwinning,best,help,almost,got,bron,amari,studamire,never,got,cause,dan,gilbert,didn’t,want,trade,jj,hickson,cavs,cause,thought,jj,next,cavs,superstar,
coxasaurus,idk,pick,nfl,teams,nba,usually,pick,team,superstar,player,
pushmorrison,bodysonfairfax,cadeplsgotookc,dom_2k,winning,championship,without,superstar,player,rare,especially,century,teams,pistons,spurs,won,chip,without,bonafide,superstar,nba,shifted,superstar,league,winning,championship,now,without,superstar,impossible,
bodysonfairfax,cadeplsgotookc,pushmorrison,dom_2k,nearly,won,nba,championship,shot,like,shit,throughout,finals,booker,obviously,superstar,player,skilled,like,superstars,nba,can,
bodysonfairfax,cadeplsgotookc,pushmorrison,dom_2k,bar,high,guys,nba,can,really,say,superstar,players,can,best,player,championship,team,kat,needs,work,whole,lot,order,caliber,
nba,mcarterwilliams,orlandomagic,can,never,forget,first,game,thought,going,superstar,
sport,makes,sense,nba,one,superstar,can,gamechanging,impact,franchise,find,team,list,won,acquired,superstar,top,draft,pick,https,t.co,llv0o0cyic,
seen,far,preseason,scottie,traits,ability,superstar,nba,right,development,
hardensgoat_,harden,dislikable,superstar,nba,
final,superstar,nba,player,tier,list,season,kawhi,included,due,injury,order,within,tiers,matters,see,case,players,change,tiers,https,t.co,ujfgoslnnm,
nothingbutsarah,bleacherreport,brooklynnets,happens,nba,superstar,refuses,get,vaccinated,therefore,miss,like,games,regular,season,may,able,play,home,playoffs,
nba,season,going,one,greatest,seasons,league,ever,seen,every,superstar,think,fully,healthy,knicks,good,
always,say,nba,depth,expansion,also,just,leads,irrelevant,teams,without,superstar,sonics,fan,though,expand,https,t.co,xtdhifckxi,
video,jayson,tatum,already,nba,superstar,https,t.co,5nmginilmx,
remember,large,corporations,give,shit,social,justice,right,play,buy,product,nba,superstar,kyrie,irving,hesitated,get,vaccinated,main,sponsor,nike,still,silent,https,t.co,cfkyoumeal,
coldhardcomics,i’m,gonna,slander,nba,superstar,never,free,agent,tested,free,agency,career,seems,pretty,loyal,organizations,think,
nba,celtics,superstar,
bullssource,dont,know,chicago,right,now,number,need,see,superstar,go,one,major,sports,teams,https,t.co,whra6udv7u,state,tax,reputation,competiveness,especially,nba,say,matter.bulls,right,track,though,
imagine,judging,nba,superstar,one,preseason,game,
ben,simmons,guy,going,humiliation,ritual,right,now,indeed,just,puppet,playing,role,knowledge,every,nba,player,past,1st,contract,masons,every,superstar,player,degree,mason,https,t.co,
reyesdebernabeu,guy,avi,real,madrid,legend,nba,superstar,luka,doncic,jersey,actually,designed,madrid,link,lmao,
just,seeing,danajacobson,connection,subject,happens,nba,superstar,carmeloanthony,connection,forged,research,homework,excellent,communications,skills,kudos,can’t,wait,read,book,https,t.co,5hcxira6hu,
jayson,tatum,already,nba,superstar,https,t.co,vqpxng7ume,
espnnba,well,pretty,sure,nba,fixture,just,sure,yet,going,star,superstar,hope,
can,sports,force,good,masai,ujiri’s,answer,south,african,nba,superstar,knows,need,africa,great,interview,amp,article,forbes,https,t.co,vypcptrwfg,africa,southafrica,nba,
look,nothing,just,good,post,quote,cade,cunningham,going,superstar,nba,perennial,1st,team,nba,performer,least,decade,predict,gets,sure,respect,https,t.co,vayrrrczlg,
steph,curry,walked,diner,right,now,gave,nod,come,bathroom,real,quick,get,text,come,hospital,right,now,grandma,asking,expected,make,never,get,suck,nba,superstar,dick,https,t.co,enrcrskx8h,
jsaholmes,browningneelyn,temple_surly,rtheatheist,wendyorent,crabb_vicki,kayvonpaul,jamesgordon4th,ghoppe,chrisjohnsonmd,smashcarm,pawley_robert,maureenstroud,josiejobee,farrishimo,mcfunny,mdrisette,ginapro,themarcam,tampa_egret,fredwibblington,kathmarval,gtabiadon,swedishchf,carlsmythe,hypnosexotica,veritasmarcus,takethatcdc,biovisionary,dekkplans,saltaovladimir,jhan2qt,retired,nba,superstar,get,medical,advice,
africanafo_,i’m,putting,category,players,russ,may,player,whose,going,turn,ass,team,around,he’s,doubt,nba,superstar,draymond,nowhere,near,level,player,
tht,potential,like,every,young,nba,player,jesus,christ,he’s,gonna,superstar,
darrenengler,phlsixersnation,paired,w,level,joel,embiid,realize,joel,amp,matisse,nba,d,joel,dame,amp,beal,top,nba,scorers,superstar,talent,talking,levert,amp,brogden,even,stars,pipe,dreaming,pipe,smoking,
jason__elliott,termineradio,there’s,difference,time,great,champion,can,call,player,star,aren’t,star,make,team,can,superstar,aren’t,champion,win,championship,
sanherdian,rynej__,kyrieirving,he’s,nba,superstar,
name,nba,superstar,never,recruited,i’ll,wait,
barcelona,born,basketball,superstar,pau,gasol,retire,sport,age,successful,career,acb,nba,https,t.co,k66vrfubpk,
unbiasedhooper,nba,warriors,superstar,one,dimensional,point,gsw,fans,analysts,alike,quick,criticize,superstars,get,ridiculous,numbers,praise,curry,plays,mediocre,lets,honest,nowadays,anyone,can,drop,points,
nba,ball,rigged,superstar,https,t.co,cqsj68rstf,
bigoneline,tella1truth,bosh,star,straight,years,made,one,nba,team,entered,dirk,kg,duncan,lock,like,kevin,love,sacrificed,game,3rd,star,wtf,talking,kyrie,everyone,knew,superstar,talent,
yeah,definitely,way,superstar,nba,point,guard,giving,times,quarter,
real,deal,kid,continues,rise,occasion,prove,doubters,wrong,superstar,making,already,one,book,denver,drafted,gem,https,t.co,
basketball,superstar,wilt,chamberlain,holds,nba,records,pushawardslizquens,kca,facts,funfacts,coolfacts,uberfacts,whattheffacts,
espn_macmahon,superstar,nba,get,obvious,calls,
mattbrooksnba,finally,nba,superstar,balls,stand,beliefs,right,human,supposed,course,society,crucify,tell,shut,dribble,
buck_around_,bullsgotnext,literally,one,players,s,tier,superstar,one,hamstring,whole,time,bucks,zero,rings,books,greek,cheeks,probably,selfish,player,basketball,follow,nba,sometime,tho,
oaktowneli,considered,worst,nba,player,rookie,year,now,seen,someone,develop,superstar,crazy,
think,nba,teams,asking,fundamental,question,ben,simmons,make,solid,team,like,philly,supportive,superstar,teammates,like,embiid,amp,freedom,world,find,mojo,role,hell,different,us,
nba,lakers,westbrook,can’t,shoot,bradley,beal,glad,get,rid,westbrook,just,good,player,superstar,
might,next,superstar,nba,https,t.co,hl5t3akckv,
shannonsharpe,doesn’t,matter,twist,it’s,called,knowing,right,wrong,knew,wrong,you’re,nba,superstar,tryna,tell,there’s,absolutely,nothing,can,make,bread,can,blame,grew,long,
shaq,nba,gms,hard,time,passing,potential,superstar,bigs,proven,history,https,t.co,robcyldfei,
inches,taller,woulda,nba,superstar,
josheberley,buddy,hield,scrub,supposed,superstar,nba,way,played,college,gave,us,assumption,started,look,like,gonna,happen,stagnated,sucks,
exhaustedbs,phlsixersnation,furkankorkmaz,question,big,boy,furk,turkey,like,superstar,something,lot,potential,sneaky,athleticism,sneaky,handle,shot,crazy,competitive,fire,
sandro,nba,superstar,can’t,change,mind,sorry,
lakers,superstar,lebron,james,just,eclipsed,million,followers,instagram,now,followers,nba,nfl,mlb,combined,https,t.co,agsxzqaihm,
russ,failed,win,twice,one,injured,finals,amp,best,team,nba,history,time,russell,making,teammates,better,doesn’t,need,ball,unlike,superstar,ever,excels,dirty,work,https,t.co,e288opuyrg,
nba,bucks,future,superstar,
djquevz,adamkoffler,phlsixersnation,ben’s,just,roy,time,star,time,nba,1st,team,defense,nba,team,teams,done,just,fine,past,embiid,simmons,guys,superstar,just,one,flaw,everyone,focuses,
magicjohnson,lakers,jordan,kobe,kareem,lebron,bird,sorry,magic,defensive,liability,weakest,western,conference,history,longevity,care,importantly,kareem,help,superstar,bar,maybe,lebron,nba,history,
sorry,y’all,kyrie,irving,nba,superstar,https,t.co,wnjrpobwee,
prettyboyvalde,fatmansu,know,talking,bout,mean,nba,media,promo,superstar,features,radio,play,etc,etc,amp,sells,extremely,well,amp,rejected,ogs,trying,sign,
new,video,alert,time,jayson,tatum,become,nba,superstar,https,t.co,ulqa6lee5l,https,t.co,nbndwfsoqh,
first,nba,players,come,mind,good,explanation,weren’t,superstar,mine,josh,smith,
vcbbq_,russlakeshow,trill,pretty,clear,kareem,decorated,superstar,nba,fans,trolls,logic,
dmorey,dmor,check,billy,penn,open,letter,ben,guarantee,dead,guy,ever,gets,treated,condition,easy,fix,top,nba,superstar,ben,needs,little,help,can,overcome,dont,sell,low,dmor,fixable,
deep,thoughts,nba,superstar,future,boston,time,legend,jayson,tatum,show,
reeseywurld,nah,much,easier,point,bust,find,superstar,bust,know,almost,immediately,jalensuggs,reeks,unmet,expectations,jalensuggs,nba,nbapreseason,https,t.co,j8wicnau3c,
sixers_leek,phlsixersnation,hes,refuses,shoot,ball,dont,give,fuck,youre,superstar,nba,cant,shoot,people,try,saying,embarrassment,
